parâmetro,valor,origem,uso,nome em português,legenda em português
network,"""C:\\Projetos\\IC-SEMAFORO\\SistemaDeSemaforos\\dados\\rede\\uberlandia.vehicular.families.16_2_4.net.xml""",cenário atual,cenário PPO / avaliação,Rede SUMO,"Arquivo .net.xml com vias, faixas, conexões e programas semafóricos."
plans,"""C:\\Projetos\\IC-SEMAFORO\\SistemaDeSemaforos\\dados\\planos\\RondonNorte.xlsx""",cenário atual,planilha/auditoria; não substitui o programa SUMO,Planilha de planos,Fonte dos tempos reais para auditoria; não substitui automaticamente os programas da rede.
mapping_path,"""C:\\Projetos\\IC-SEMAFORO\\SistemaDeSemaforos\\config\\mapeamento.json""",cenário atual,cenário PPO / avaliação,Mapeamento dos cruzamentos,Arquivo que associa cruzamentos e controladores e registra a conferência operacional.
plan_id,4,cenário atual,planilha/auditoria; não substitui o programa SUMO,Identificador do plano,Plano selecionado na planilha; seu número não indica horário de ativação.
duration_seconds,600,cenário atual,cenário PPO / avaliação,Duração do episódio,"Horizonte de uma execução do SUMO, em segundos simulados."
step_seconds,1,cenário atual,cenário PPO / avaliação,Passo do SUMO,"Avanço do relógio e frequência da coleta TraCI, em segundos."
seeds[0],11,cenário atual,cenário PPO / avaliação,Sementes do treino,O PPO atual usa a primeira semente para inicialização; episódios seguintes recebem sementes geradas pelo ambiente.
evaluation.seeds[0],101,cenário atual,cenário PPO / avaliação,Sementes de avaliação,Sementes diferentes da inicial do treino para comparar controladores nas mesmas demandas.
evaluation.seeds[1],102,cenário atual,cenário PPO / avaliação,Sementes de avaliação,Sementes diferentes da inicial do treino para comparar controladores nas mesmas demandas.
evaluation.seeds[2],103,cenário atual,cenário PPO / avaliação,Sementes de avaliação,Sementes diferentes da inicial do treino para comparar controladores nas mesmas demandas.
metrics.collect_lane_details,true,cenário atual,cenário PPO / avaliação,Coletar detalhes das faixas,Ativa médias de velocidade e ocupação das entradas dos alvos.
metrics.collect_emissions,false,cenário atual,cenário PPO / avaliação,Coletar emissões e consumo,"Ativa CO₂, CO, HC, NOx, partículas, combustível e eletricidade; aumenta consultas TraCI."
metrics.collect_events,true,cenário atual,cenário PPO / avaliação,Coletar eventos,Registra teletransportes iniciados e participações de veículos em colisões.
metrics.collect_resources,true,cenário atual,cenário PPO / avaliação,Coletar CPU e memória,Registra tempo de CPU e pico amostrado de memória do Python e filhos.
metrics.collect_actions,true,cenário atual,cenário PPO / avaliação,Registrar ações,Salva escolhas e tempos aplicados no arquivo actions.csv.
objectives.waiting,1,cenário atual,cenário PPO / avaliação,Peso da espera,Importância da espera dos veículos ativos na recompensa; os pesos são normalizados pela soma.
objectives.queues,1,cenário atual,cenário PPO / avaliação,Peso das filas,Importância das filas nas entradas dos alvos na recompensa.
objectives.travel,1,cenário atual,cenário PPO / avaliação,Peso do tempo em trânsito,Importância da aproximação por veículos ativos × tempo; não usa diretamente a média final de viagem.
ppo.decision_seconds,5,cenário atual,cenário PPO / avaliação,Intervalo de decisão,Tempo simulado entre decisões PPO; deve ser pelo menos o passo SUMO.
ppo.n_epochs,10,cenário atual,cenário PPO / avaliação,Épocas por coleta,Número de passagens de otimização pelos dados de cada coleta. Não é o número de simulações.
ppo.n_steps,128,cenário atual,cenário PPO / avaliação,Passos por coleta,"Decisões coletadas antes de atualizar o modelo; no piloto, múltiplo do minibatch."
ppo.batch_size,64,cenário atual,cenário PPO / avaliação,Tamanho do minibatch,Quantidade de amostras usada em cada atualização de gradiente; pelo menos 2.
ppo.total_timesteps,2048,cenário atual,cenário PPO / avaliação,Orçamento do treinamento,Total solicitado de decisões PPO; a execução pode arredondar para completar a última coleta.
ppo.action_mode,"""phase_durations""",cenário atual,cenário PPO / avaliação,Modo de controle,phase_durations escolhe durações das fases; green_extension ajusta somente verdes.
ppo.phase_types[0],"""green""",cenário atual,cenário PPO / avaliação,Tipos de fase ajustáveis,green = verde; yellow = amarelo; all_red = vermelho de limpeza.
ppo.phase_types[1],"""yellow""",cenário atual,cenário PPO / avaliação,Tipos de fase ajustáveis,green = verde; yellow = amarelo; all_red = vermelho de limpeza.
ppo.phase_types[2],"""all_red""",cenário atual,cenário PPO / avaliação,Tipos de fase ajustáveis,green = verde; yellow = amarelo; all_red = vermelho de limpeza.
ppo.duration_limits.yellow.maximum_seconds,6,cenário atual,cenário PPO / avaliação,Duração máxima: amarelo,Limite experimental em segundos para as escolhas do agente; deve incluir a duração original e respeitar os mínimos.
ppo.duration_limits.all_red.maximum_seconds,3,cenário atual,cenário PPO / avaliação,Duração máxima: limpeza,Limite experimental em segundos para as escolhas do agente; deve incluir a duração original e respeitar os mínimos.
demand.mode,"""random""",cenário atual,cenário PPO / avaliação,Modelo de demanda,random = taxa total sintética; flows = pares origem–destino; edge_volumes = volumes por entrada.
demand.vehicles_per_hour,360,cenário atual,cenário PPO / avaliação,Volume de tráfego,Taxa em veículos/h. O total planejado depende da duração do episódio.
demand.flows,[],cenário atual,cenário PPO / avaliação,Fluxos origem–destino,"Lista de entradas, saídas e taxas por par de vias."
targets[0].name,"""Av. Rondon Pacheco x Rua Paraná""",cenário atual,cenário PPO / avaliação,Nome do cruzamento,Nome usado para associar o alvo aos arquivos do projeto.
targets[0].tls_id,"""FAM_RONDON_PARANA""",cenário atual,cenário PPO / avaliação,ID do controlador,Identificador do semáforo/controlador na rede SUMO.
targets[0].phase_indices[0],0,cenário atual,cenário PPO / avaliação,Índices dos verdes controlados,"Posições das fases verdes selecionadas no programa SUMO, começando em zero."
targets[0].phase_indices[1],3,cenário atual,cenário PPO / avaliação,Índices dos verdes controlados,"Posições das fases verdes selecionadas no programa SUMO, começando em zero."
training.iterations,20,cenário atual,busca legada; não usado no PPO,Iterações da busca legada,Usado pela busca anterior; não controla o treinamento PPO.
training.warmup_random,10,cenário atual,busca legada; não usado no PPO,Amostras iniciais da busca legada,Exploração aleatória da busca anterior; não usada no PPO.
training.candidate_pool,100,cenário atual,busca legada; não usado no PPO,Candidatos da busca legada,Quantidade de candidatos da busca anterior; não usada no PPO.
training.minimum_green_seconds,8,cenário atual,cenário PPO / avaliação,Verde mínimo,"Limite inferior usado ao derivar as opções de duração dos verdes, em segundos."
training.minimum_yellow_seconds,3,cenário atual,cenário PPO / avaliação,Amarelo mínimo,Mínimo experimental em segundos; o modo atual também preserva o tempo original da fase.
training.minimum_all_red_seconds,1,cenário atual,cenário PPO / avaliação,Limpeza mínima,"Mínimo experimental de vermelho de limpeza, em segundos; preserva o tempo original."
training.unfinished_penalty_seconds,120,cenário atual,cenário PPO / avaliação,Penalidade por viagens pendentes,Coeficiente em segundos convertido pela escala da recompensa para penalizar viagens incompletas e partidas pendentes.
TLS.FAM_RONDON_PARANA.phase[0],"{""duration"": 41.0, ""state"": ""GGGGrrr""}",programa lido da rede,,Fase do programa SUMO,"Duração original em segundos e estados dos links, na ordem de índices do programa."
TLS.FAM_RONDON_PARANA.phase[1],"{""duration"": 3.0, ""state"": ""yyyyrrr""}",programa lido da rede,,Fase do programa SUMO,"Duração original em segundos e estados dos links, na ordem de índices do programa."
TLS.FAM_RONDON_PARANA.phase[2],"{""duration"": 1.0, ""state"": ""rrrrrrr""}",programa lido da rede,,Fase do programa SUMO,"Duração original em segundos e estados dos links, na ordem de índices do programa."
TLS.FAM_RONDON_PARANA.phase[3],"{""duration"": 41.0, ""state"": ""rrrrGGG""}",programa lido da rede,,Fase do programa SUMO,"Duração original em segundos e estados dos links, na ordem de índices do programa."
TLS.FAM_RONDON_PARANA.phase[4],"{""duration"": 3.0, ""state"": ""rrrryyy""}",programa lido da rede,,Fase do programa SUMO,"Duração original em segundos e estados dos links, na ordem de índices do programa."
TLS.FAM_RONDON_PARANA.phase[5],"{""duration"": 1.0, ""state"": ""rrrrrrr""}",programa lido da rede,,Fase do programa SUMO,"Duração original em segundos e estados dos links, na ordem de índices do programa."
PPO.action_spec,"[{""tls_id"": ""FAM_RONDON_PARANA"", ""phase_index"": 0, ""kind"": ""green"", ""durations_seconds"": [24.0, 41.0, 58.0]}, {""tls_id"": ""FAM_RONDON_PARANA"", ""phase_index"": 1, ""kind"": ""yellow"", ""durations_seconds"": [3.0, 3.0, 6.0]}, {""tls_id"": ""FAM_RONDON_PARANA"", ""phase_index"": 2, ""kind"": ""all_red"", ""durations_seconds"": [1.0, 1.0, 3.0]}, {""tls_id"": ""FAM_RONDON_PARANA"", ""phase_index"": 3, ""kind"": ""green"", ""durations_seconds"": [24.0, 41.0, 58.0]}, {""tls_id"": ""FAM_RONDON_PARANA"", ""phase_index"": 4, ""kind"": ""yellow"", ""durations_seconds"": [3.0, 3.0, 6.0]}, {""tls_id"": ""FAM_RONDON_PARANA"", ""phase_index"": 5, ""kind"": ""all_red"", ""durations_seconds"": [1.0, 1.0, 3.0]}]",ações derivadas das fases e limites,,Opções de ação por fase,"Lista de controladores, tipos, índices e durações mínima/original/máxima disponíveis ao agente."
PPO.constructor.policy,"""MlpPolicy""",argumento do pipeline,,Política PPO,Modelo de política; MlpPolicy usa uma rede neural para escolher ações.
PPO.constructor.env,"""SemaforosEnv""",argumento do pipeline,,Ambiente de aprendizado,Ambiente Gymnasium que conecta decisões PPO ao SUMO por TraCI.
PPO.constructor.learning_rate,0.0003,argumento do pipeline,,Taxa de aprendizado,Tamanho do passo do otimizador ao ajustar os pesos da rede neural.
PPO.constructor.n_steps,128,argumento do pipeline,,Passos por coleta,"Decisões coletadas antes de atualizar o modelo; no piloto, múltiplo do minibatch."
PPO.constructor.batch_size,64,argumento do pipeline,,Tamanho do minibatch,Quantidade de amostras usada em cada atualização de gradiente; pelo menos 2.
PPO.constructor.n_epochs,10,argumento do pipeline,,Épocas por coleta,Número de passagens de otimização pelos dados de cada coleta. Não é o número de simulações.
PPO.constructor.gamma,0.99,argumento do pipeline,,Desconto das recompensas futuras,Controla a importância das recompensas futuras em relação às imediatas.
PPO.constructor.gae_lambda,0.95,argumento do pipeline,,Coeficiente de vantagem,"Controla o cálculo da vantagem pelo método GAE, equilibrando variância e viés."
PPO.constructor.clip_range,0.2,argumento do pipeline,,Limite de atualização da política,Faixa de recorte PPO para limitar mudanças grandes na política.
PPO.constructor.clip_range_vf,null,padrão SB3 instalada,,Recorte da função de valor,Limite opcional de atualização da estimativa de valor; None desativa esse recorte.
PPO.constructor.normalize_advantage,true,padrão SB3 instalada,,Normalizar vantagens,Padroniza as vantagens antes das atualizações PPO.
PPO.constructor.ent_coef,0.0,argumento do pipeline,,Peso da exploração,Coeficiente da entropia na perda; influencia a diversidade das ações.
PPO.constructor.vf_coef,0.5,argumento do pipeline,,Peso da função de valor,Coeficiente da perda da rede que estima o retorno futuro.
PPO.constructor.max_grad_norm,0.5,argumento do pipeline,,Norma máxima do gradiente,Limita a magnitude dos gradientes durante a otimização.
PPO.constructor.use_sde,false,padrão SB3 instalada,,Exploração dependente do estado,Opção SB3 para espaços de ação compatíveis; desabilitada no piloto com ações discretas.
PPO.constructor.sde_sample_freq,-1,padrão SB3 instalada,,Frequência de amostragem SDE,Frequência de renovação do ruído quando SDE está ativo; sem efeito no piloto atual.
PPO.constructor.rollout_buffer_class,null,padrão SB3 instalada,,Classe de armazenamento da coleta,Implementação do buffer de experiências; None seleciona o padrão SB3.
PPO.constructor.rollout_buffer_kwargs,null,padrão SB3 instalada,,Parâmetros do armazenamento,Argumentos adicionais do buffer de experiências.
PPO.constructor.target_kl,null,padrão SB3 instalada,,Limite de divergência da política,Limite opcional que pode interromper épocas antecipadamente; None desativa.
PPO.constructor.stats_window_size,100,padrão SB3 instalada,,Janela de estatísticas,Quantidade de episódios usados nas estatísticas móveis da SB3.
PPO.constructor.tensorboard_log,null,padrão SB3 instalada,,Pasta de registros TensorBoard,Destino opcional de registros; None significa desabilitado.
PPO.constructor.policy_kwargs,"{""net_arch"": {""pi"": [64, 64], ""vf"": [64, 64]}}",argumento do pipeline,,Arquitetura da política,"Configuração das redes de política e valor; no piloto, duas camadas de 64 neurônios em cada rede."
PPO.constructor.verbose,0,argumento do pipeline,,Detalhamento dos registros,Nível de mensagens emitidas pela SB3.
PPO.constructor.seed,11,argumento do pipeline,,Semente aleatória,Inicializa os geradores aleatórios; a semente SUMO efetiva é registrada por episódio.
PPO.constructor.device,"""auto""",padrão SB3 instalada,,Dispositivo de processamento,CPU/GPU; auto permite que a SB3 escolha o dispositivo disponível.
PPO.constructor._init_setup_model,true,padrão SB3 instalada,,Inicialização do modelo,Opção interna SB3 para criar redes e otimizadores no construtor.
SUMO.command.tripinfo-output.write-unfinished,true,comando PPO; semente muda por episódio,,Registrar viagens incompletas,Inclui no tripinfo os veículos sem chegada ao encerrar o SUMO.
SUMO.command.no-step-log,true,comando PPO; semente muda por episódio,,Ocultar registros por passo,Desativa a impressão de uma mensagem a cada passo SUMO.
SUMO.command.step-length,1,comando PPO; semente muda por episódio,,Passo de integração SUMO,"Avanço do relógio SUMO por passo, em segundos."
SUMO.command.seed,11,comando PPO; semente muda por episódio,,Semente aleatória,Inicializa os geradores aleatórios; a semente SUMO efetiva é registrada por episódio.
SUMO.command.net-file,C:\Projetos\IC-SEMAFORO\SistemaDeSemaforos\dados\rede\uberlandia.vehicular.families.16_2_4.net.xml,comando PPO; semente muda por episódio,,Arquivo da rede,Arquivo .net.xml carregado pelo SUMO.
SUMO.command.route-files,gerado por episódio,comando PPO; semente muda por episódio,,Arquivo de demanda,Rotas/viagens geradas para cada episódio.
SUMO.command.tripinfo-output,episodes/.../tripinfo.xml,comando PPO; semente muda por episódio,,Arquivo de viagens,"Arquivo XML com duração, espera, distância e demais atributos por viagem."
