métrica,nome em português,legenda em português,unidade,escopo,fonte,coleta
planned_vehicles,Veículos planejados,Viagens previstas na demanda; fluxos podem ter contagem estimada.,veículos,episódio,demanda / TraCI / tripinfo,habilitada
departed,Veículos inseridos,Veículos que efetivamente entraram na simulação.,veículos,episódio,demanda / TraCI / tripinfo,habilitada
arrived,Veículos que chegaram,Veículos que concluíram a viagem dentro do horizonte.,veículos,episódio,demanda / TraCI / tripinfo,habilitada
unfinished,Viagens em andamento,Veículos que partiram e ainda não chegaram ao fim do episódio.,veículos,episódio,demanda / TraCI / tripinfo,habilitada
pending_departure,Partidas pendentes,Veículos ainda aguardando inserção ao fim do episódio.,veículos,episódio,demanda / TraCI / tripinfo,habilitada
tripinfo_completed,Viagens concluídas no relatório,Registros tripinfo com chegada válida; base das estatísticas de viagem.,veículos,episódio,demanda / TraCI / tripinfo,habilitada
tripinfo_unfinished,Viagens incompletas no relatório,Registros tripinfo sem chegada; excluídos das médias e percentis de viagem.,veículos,episódio,demanda / TraCI / tripinfo,habilitada
simulated_seconds,Tempo simulado,Tempo transcorrido no relógio do SUMO.,s,episódio,TraCI / relógio,habilitada
real_seconds,Tempo real de execução,Duração medida pelo relógio do computador.,s,episódio,TraCI / relógio,habilitada
wait_vehicle_seconds,Espera acumulada na rede,Soma dos incrementos de espera dos veículos ativos por passo. Não é a média de espera por viagem.,veículo·s,rede inteira,integração por passo TraCI,habilitada
active_vehicle_seconds,Tempo acumulado de veículos ativos,Quantidade de veículos ativos multiplicada pelo tempo. Aproxima a permanência no horizonte observado.,veículo·s,rede inteira,integração por passo TraCI,habilitada
global_halted_vehicle_seconds,Paradas acumuladas na rede inteira,"Veículos com velocidade inferior a 0,1 m/s multiplicados pelo passo, em toda a rede.",veículo·s,rede inteira,integração por passo TraCI,habilitada
queue_vehicle_seconds,Fila acumulada nos alvos,Veículos parados nas entradas controladas multiplicados pelo tempo; faixas compartilhadas podem duplicar contagens.,veículo·s,entradas dos alvos,TraCI lane,habilitada
peak_halted_vehicles,Pico de fila do controlador,Maior quantidade simultânea de veículos parados nas entradas desse controlador.,veículos,por alvo,TraCI lane,habilitada
global_peak_halted_vehicles,Pico de parados na rede inteira,"Maior quantidade simultânea de veículos com velocidade inferior a 0,1 m/s.",veículos,rede inteira,TraCI vehicle,habilitada
mean_lane_speed_meters_per_second,Velocidade média nas faixas,Média simples das amostras válidas de velocidade por faixa e passo; não é ponderada pelo número de veículos.,m/s,por alvo; média simples das amostras,TraCI lane,habilitada
mean_lane_occupancy_percent,Ocupação média das faixas,Média simples da ocupação das faixas amostradas nas entradas do controlador.,%,por alvo; média simples das amostras,TraCI lane,habilitada
phase_N_seconds,Tempo na fase N,Tempo observado na fase indicada por N durante o episódio.,s,por alvo/fase,TraCI trafficlight,habilitada
mean_travel_time_seconds,Média de tempo de viagem,Duração da viagem após a partida. Apenas viagens concluídas; vazio quando não há chegada.,s,viagens concluídas; nulo se não há chegada,tripinfo,habilitada
p95_travel_time_seconds,Percentil 95 de tempo de viagem,Duração da viagem após a partida. Apenas viagens concluídas; vazio quando não há chegada. Valor abaixo do qual ficam 95% das observações.,s,viagens concluídas; nulo se não há chegada,tripinfo,habilitada
std_travel_time_seconds,Desvio padrão de tempo de viagem,Duração da viagem após a partida. Apenas viagens concluídas; vazio quando não há chegada. Desvio padrão populacional das viagens concluídas.,s,viagens concluídas; nulo se não há chegada,tripinfo,habilitada
min_travel_time_seconds,Mínimo de tempo de viagem,Duração da viagem após a partida. Apenas viagens concluídas; vazio quando não há chegada.,s,viagens concluídas; nulo se não há chegada,tripinfo,habilitada
max_travel_time_seconds,Máximo de tempo de viagem,Duração da viagem após a partida. Apenas viagens concluídas; vazio quando não há chegada.,s,viagens concluídas; nulo se não há chegada,tripinfo,habilitada
median_travel_time_seconds,Mediana de tempo de viagem,Duração da viagem após a partida. Apenas viagens concluídas; vazio quando não há chegada. Valor central das observações.,s,viagens concluídas; nulo se não há chegada,tripinfo,habilitada
mean_trip_waiting_seconds,Média de espera por viagem,Espera registrada no tripinfo da viagem concluída. Apenas viagens concluídas; vazio quando não há chegada.,s,viagens concluídas; nulo se não há chegada,tripinfo,habilitada
p95_trip_waiting_seconds,Percentil 95 de espera por viagem,Espera registrada no tripinfo da viagem concluída. Apenas viagens concluídas; vazio quando não há chegada. Valor abaixo do qual ficam 95% das observações.,s,viagens concluídas; nulo se não há chegada,tripinfo,habilitada
std_trip_waiting_seconds,Desvio padrão de espera por viagem,Espera registrada no tripinfo da viagem concluída. Apenas viagens concluídas; vazio quando não há chegada. Desvio padrão populacional das viagens concluídas.,s,viagens concluídas; nulo se não há chegada,tripinfo,habilitada
min_trip_waiting_seconds,Mínimo de espera por viagem,Espera registrada no tripinfo da viagem concluída. Apenas viagens concluídas; vazio quando não há chegada.,s,viagens concluídas; nulo se não há chegada,tripinfo,habilitada
max_trip_waiting_seconds,Máximo de espera por viagem,Espera registrada no tripinfo da viagem concluída. Apenas viagens concluídas; vazio quando não há chegada.,s,viagens concluídas; nulo se não há chegada,tripinfo,habilitada
median_trip_waiting_seconds,Mediana de espera por viagem,Espera registrada no tripinfo da viagem concluída. Apenas viagens concluídas; vazio quando não há chegada. Valor central das observações.,s,viagens concluídas; nulo se não há chegada,tripinfo,habilitada
mean_time_loss_seconds,Média de tempo perdido,"Atraso associado à circulação abaixo da velocidade ideal, segundo o SUMO. Apenas viagens concluídas; vazio quando não há chegada.",s,viagens concluídas; nulo se não há chegada,tripinfo,habilitada
p95_time_loss_seconds,Percentil 95 de tempo perdido,"Atraso associado à circulação abaixo da velocidade ideal, segundo o SUMO. Apenas viagens concluídas; vazio quando não há chegada. Valor abaixo do qual ficam 95% das observações.",s,viagens concluídas; nulo se não há chegada,tripinfo,habilitada
std_time_loss_seconds,Desvio padrão de tempo perdido,"Atraso associado à circulação abaixo da velocidade ideal, segundo o SUMO. Apenas viagens concluídas; vazio quando não há chegada. Desvio padrão populacional das viagens concluídas.",s,viagens concluídas; nulo se não há chegada,tripinfo,habilitada
min_time_loss_seconds,Mínimo de tempo perdido,"Atraso associado à circulação abaixo da velocidade ideal, segundo o SUMO. Apenas viagens concluídas; vazio quando não há chegada.",s,viagens concluídas; nulo se não há chegada,tripinfo,habilitada
max_time_loss_seconds,Máximo de tempo perdido,"Atraso associado à circulação abaixo da velocidade ideal, segundo o SUMO. Apenas viagens concluídas; vazio quando não há chegada.",s,viagens concluídas; nulo se não há chegada,tripinfo,habilitada
median_time_loss_seconds,Mediana de tempo perdido,"Atraso associado à circulação abaixo da velocidade ideal, segundo o SUMO. Apenas viagens concluídas; vazio quando não há chegada. Valor central das observações.",s,viagens concluídas; nulo se não há chegada,tripinfo,habilitada
mean_stops,Média de paradas por viagem,Quantidade de episódios de espera registrada no tripinfo. Apenas viagens concluídas; vazio quando não há chegada.,contagem,viagens concluídas; nulo se não há chegada,tripinfo,habilitada
p95_stops,Percentil 95 de paradas por viagem,Quantidade de episódios de espera registrada no tripinfo. Apenas viagens concluídas; vazio quando não há chegada. Valor abaixo do qual ficam 95% das observações.,contagem,viagens concluídas; nulo se não há chegada,tripinfo,habilitada
std_stops,Desvio padrão de paradas por viagem,Quantidade de episódios de espera registrada no tripinfo. Apenas viagens concluídas; vazio quando não há chegada. Desvio padrão populacional das viagens concluídas.,contagem,viagens concluídas; nulo se não há chegada,tripinfo,habilitada
min_stops,Mínimo de paradas por viagem,Quantidade de episódios de espera registrada no tripinfo. Apenas viagens concluídas; vazio quando não há chegada.,contagem,viagens concluídas; nulo se não há chegada,tripinfo,habilitada
max_stops,Máximo de paradas por viagem,Quantidade de episódios de espera registrada no tripinfo. Apenas viagens concluídas; vazio quando não há chegada.,contagem,viagens concluídas; nulo se não há chegada,tripinfo,habilitada
median_stops,Mediana de paradas por viagem,Quantidade de episódios de espera registrada no tripinfo. Apenas viagens concluídas; vazio quando não há chegada. Valor central das observações.,contagem,viagens concluídas; nulo se não há chegada,tripinfo,habilitada
mean_route_length_meters,Média de distância percorrida,Comprimento percorrido na viagem concluída. Apenas viagens concluídas; vazio quando não há chegada.,m,viagens concluídas; nulo se não há chegada,tripinfo,habilitada
p95_route_length_meters,Percentil 95 de distância percorrida,Comprimento percorrido na viagem concluída. Apenas viagens concluídas; vazio quando não há chegada. Valor abaixo do qual ficam 95% das observações.,m,viagens concluídas; nulo se não há chegada,tripinfo,habilitada
std_route_length_meters,Desvio padrão de distância percorrida,Comprimento percorrido na viagem concluída. Apenas viagens concluídas; vazio quando não há chegada. Desvio padrão populacional das viagens concluídas.,m,viagens concluídas; nulo se não há chegada,tripinfo,habilitada
min_route_length_meters,Mínimo de distância percorrida,Comprimento percorrido na viagem concluída. Apenas viagens concluídas; vazio quando não há chegada.,m,viagens concluídas; nulo se não há chegada,tripinfo,habilitada
max_route_length_meters,Máximo de distância percorrida,Comprimento percorrido na viagem concluída. Apenas viagens concluídas; vazio quando não há chegada.,m,viagens concluídas; nulo se não há chegada,tripinfo,habilitada
median_route_length_meters,Mediana de distância percorrida,Comprimento percorrido na viagem concluída. Apenas viagens concluídas; vazio quando não há chegada. Valor central das observações.,m,viagens concluídas; nulo se não há chegada,tripinfo,habilitada
mean_departure_delay_seconds,Média de atraso na partida,Diferença entre partida prevista e inserção efetiva. Apenas viagens concluídas; vazio quando não há chegada.,s,viagens concluídas; nulo se não há chegada,tripinfo,habilitada
p95_departure_delay_seconds,Percentil 95 de atraso na partida,Diferença entre partida prevista e inserção efetiva. Apenas viagens concluídas; vazio quando não há chegada. Valor abaixo do qual ficam 95% das observações.,s,viagens concluídas; nulo se não há chegada,tripinfo,habilitada
std_departure_delay_seconds,Desvio padrão de atraso na partida,Diferença entre partida prevista e inserção efetiva. Apenas viagens concluídas; vazio quando não há chegada. Desvio padrão populacional das viagens concluídas.,s,viagens concluídas; nulo se não há chegada,tripinfo,habilitada
min_departure_delay_seconds,Mínimo de atraso na partida,Diferença entre partida prevista e inserção efetiva. Apenas viagens concluídas; vazio quando não há chegada.,s,viagens concluídas; nulo se não há chegada,tripinfo,habilitada
max_departure_delay_seconds,Máximo de atraso na partida,Diferença entre partida prevista e inserção efetiva. Apenas viagens concluídas; vazio quando não há chegada.,s,viagens concluídas; nulo se não há chegada,tripinfo,habilitada
median_departure_delay_seconds,Mediana de atraso na partida,Diferença entre partida prevista e inserção efetiva. Apenas viagens concluídas; vazio quando não há chegada. Valor central das observações.,s,viagens concluídas; nulo se não há chegada,tripinfo,habilitada
co2_grams,Emissão de CO₂,Taxas de dióxido de carbono integradas no horizonte; depende do modelo de emissão.,g,veículos ativos no horizonte,TraCI vehicle; depende do modelo de emissão,opcional desabilitada
fuel_grams,Consumo de combustível,"Taxas de consumo integradas no horizonte, conforme modelo SUMO.",g,veículos ativos no horizonte,TraCI vehicle; depende do modelo de emissão,opcional desabilitada
co_grams,Emissão de CO,Taxas de monóxido de carbono integradas no horizonte.,g,veículos ativos no horizonte,TraCI vehicle; depende do modelo de emissão,opcional desabilitada
hc_grams,Emissão de hidrocarbonetos,Taxas de hidrocarbonetos integradas no horizonte.,g,veículos ativos no horizonte,TraCI vehicle; depende do modelo de emissão,opcional desabilitada
nox_grams,Emissão de óxidos de nitrogênio,Taxas de NOx integradas no horizonte.,g,veículos ativos no horizonte,TraCI vehicle; depende do modelo de emissão,opcional desabilitada
pmx_grams,Emissão de partículas,Taxas de material particulado integradas no horizonte.,g,veículos ativos no horizonte,TraCI vehicle; depende do modelo de emissão,opcional desabilitada
electricity_wh,Consumo elétrico positivo,Taxas positivas de consumo elétrico integradas; valores negativos de regeneração não são descontados.,Wh,veículos ativos no horizonte,TraCI vehicle,opcional desabilitada
teleports_started,Teletransportes iniciados,Eventos de retirada temporária de veículos pelo SUMO; examine o motivo no log.,eventos/veículos (não únicos),episódio,TraCI simulation,habilitada
collision_vehicles,Participações em colisões,Soma das contagens de veículos em colisão por passo; não representa veículos únicos nem número de colisões.,eventos/veículos (não únicos),episódio,TraCI simulation,habilitada
cpu_seconds,Tempo de CPU,Tempo de processamento amostrado do Python e processos filhos; pode diferir do tempo real.,s CPU,Python e filhos; amostrado,psutil,habilitada
peak_rss_mb,Pico de memória amostrado,Maior memória residente observada do Python e filhos. Não garante capturar o pico absoluto.,MiB,Python e filhos; pico amostrado,psutil,habilitada
reward,Recompensa acumulada,"Soma das recompensas do episódio. Depende dos pesos, escalas e penalidade por viagens pendentes.",adimensional,episódio de avaliação,soma das recompensas,habilitada
actions.csv,Histórico de ações,Arquivo com escolhas PPO e durações aplicadas por controlador e fase.,s / índice / escolha,ações por alvo/fase,registro TraCI,habilitada
