tls_id,intersection,real_world_status,has_sumo_program,plan_capable,has_settran_plan,settran_plan_ids,physical_status,pedestrian_status,settran_status,note
1561879940,Afonso Pena × Porto Alegre,confirmado,sim,sim,não,,OK,NAO_AVALIADO,SEM_PLANOS,Inventário municipal DOM 3046/2008 e OSM; programa preservado; sem plano no XLSX fornecido.
8947803947,Europa × Benjamim Magalhães,confirmado,sim,sim,não,,EVIDENCIA_INSUFICIENTE,NAO_AVALIADO,SEM_PLANOS,"Cinco entradas/saídas e 17 links; esquerdas proibidas excluídas. Europa conserva 1 faixa/27,78 m/s legados, não comprovados: faltam fotos das suas duas pistas/placas R-19 ou croqui atual de faixas e limites. OSM 403166945/402968133 sem lanes/maxspeed. Fotos Mapillary 11/05 e 03/09/2026 percorrem Benjamim e não resolvem Europa: https://www.mapillary.com/app/?pKey=27886827067676861 . Não transferir o limite da Benjamim."
1561879807,Brasil × Porto Alegre,provável,sim,sim,não,,OK,NAO_AVALIADO,SEM_PLANOS,OSM confrontado com geometria/imagem Esri de 26/11/2023; controle existente e programa preservados. Sem plano SETTRAN no arquivo fornecido.
FAM_CESARIO_PARANA,Cesário Alvim × Paraná,confirmado,sim,sim,sim,2;4;16;24,OK,DADOS_AUSENTES,DADOS_OPERACIONAIS_AUSENTES,Cinco movimentos externos e retenções A/B/C; eliminação dos ramos artificiais de bifurcação e reconvergência. Imagem 2023 e SETTRAN. Sequência/permissões SETTRAN não inferidas.
1561880076,Cesário Alvim × Porto Alegre,confirmado,sim,sim,não,,OK,NAO_AVALIADO,SEM_PLANOS,Inventário municipal DOM 3046/2008 e OSM; distinto de Cesário × Paraná; programa preservado.
1561879989,Floriano Peixoto × Porto Alegre,confirmado,sim,sim,não,,OK,NAO_AVALIADO,SEM_PLANOS,Inventário municipal DOM 3046/2008 e OSM; programa preservado; sem plano no XLSX fornecido.
2042692896,João Naves × Geraldo Morais,provável,sim,sim,não,,OK,NAO_AVALIADO,SEM_PLANOS,OSM confrontado com geometria/imagem Esri de 26/11/2023; controle existente e programa preservados. Sem plano SETTRAN no arquivo fornecido.
2042692877,João Naves × Rua dos Pereiras,confirmado,sim,sim,não,,OK,NAO_AVALIADO,SEM_PLANOS,Inventário municipal DOM 3046/2008 e OSM; fora dos dois rótulos Rondon do XLSX; programa preservado.
5494111593,"João Naves — travessia sul, junto ao viaduto",confirmado,sim,sim,não,,OK,DADOS_AUSENTES,SEM_PLANOS,"Retenção deslocada para zebra real, mantendo 79G/6y/5r veiculares. A alça João Naves cede antes de cruzar a pista principal; não foi criado retorno proibido."
FAM_MARANHAO_MONSENHOR_EDUARDO,Maranhão × Monsenhor Eduardo,confirmado,sim,sim,não,,OK,DADOS_AUSENTES,SEM_PLANOS,"DOM 4792/2015 p.33 confirma o sinal; OSM e imagem 2023 confirmam 1+2 links veiculares. Duas zebras após retenção e quatro acessos pedonais representados; três índices veiculares/tempos preservados e índices pedestres 3/4 sempre r. Vínculo ao TLS existente prepara estrutura, sem certificar grupos reais: faltam cadastro/foto dos focos e tempos de atendimento. Fonte: https://www.uberlandia.mg.gov.br/wp-content/uploads/2019/07/4792-1.pdf"
2042693107,Maria das Dores Dias × Belarmino Cotta Pacheco,confirmado,sim,sim,não,,OK,NAO_AVALIADO,SEM_PLANOS,"Quatro aproximações físicas recuperadas; Belarmino tem uma faixa de circulação por sentido, sem contar estacionamento. DOM 2315/2005, OSM e imagem 2023; programa SUMO de referência."
2042693363,Maria das Dores Dias × Segismundo Pereira,confirmado,sim,sim,não,,EVIDENCIA_INSUFICIENTE,DADOS_AUSENTES,SEM_PLANOS,"Quatro aproximações e faixas bus preservadas. Esquerdas desde Maria: índices 3/11 chegam à faixa comum; 4/12 à faixa bus. Restrições OSM 8531027/8531030 partem somente da Segismundo. Foto Mapillary 25/02/2026 confirma local/corredor bus, sem mostrar placas orientadas a Maria: https://www.mapillary.com/app/?pKey=1252092370200250 . Falta foto frontal de placas/setas das duas aproximações de Maria ou cadastro municipal das conversões permitidas; sem novo defeito físico comprovado."
1561879771,Mato Grosso × Porto Alegre,provável,sim,sim,não,,OK,NAO_AVALIADO,SEM_PLANOS,OSM confrontado com geometria/imagem Esri de 26/11/2023; controle existente e programa preservados. Sem plano SETTRAN no arquivo fornecido.
2042692883,Ortízio Borges × Maria das Dores Dias,provável,sim,sim,não,,OK,NAO_AVALIADO,SEM_PLANOS,OSM confrontado com geometria/imagem Esri de 26/11/2023; controle existente e programa preservados. Sem plano SETTRAN no arquivo fornecido.
2042693016,Ortízio Borges × Nordau Gonçalves de Melo,confirmado,sim,sim,não,,OK,NAO_AVALIADO,SEM_PLANOS,Quatro aproximações reais recuperadas; removido retorno terminal artificial. OSM e imagem 2023; programa SUMO de referência.
FAM_RONDON_ANSELMO,Rondon × Anselmo Alves dos Santos,confirmado,sim,sim,sim,2;4;16;24,OK,DADOS_AUSENTES,MAPEAMENTO_INCOMPLETO,Três retas e limite 60 km/h comprovados nos croquis 2025/2026. Bifurcação 597213583 sem TLS e ramo direito 292932042#0/3050761411 priority coerentes com fotos: focos veiculares atendem às retas; o foco baixo da ilhota é pedestre. As fotos não indicam controle veicular independente no ramo; duas faixas preservadas. Mapillary 25/05/2020 e 30/03/2026: https://www.mapillary.com/app/?pKey=135164638652571 e https://www.mapillary.com/app/?pKey=1291338299024504 . Atendimento pedestre e vínculo SETTRAN permanecem separados.
338654991,Rondon × Anselmo — aproximação Anselmo,confirmado,sim,sim,sim,2;4;16;24,OK,DADOS_AUSENTES,MAPEAMENTO_INCOMPLETO,"Aproximação física de Anselmo preservada, dois links veiculares. Grupo C e divergência Nascimento/Santos dependem da SETTRAN; essa lacuna operacional não é defeito físico."
FAM_RONDON_ROTARY_CLUB,Rondon × Antônio Crescêncio / Rotary Club,confirmado,sim,sim,sim,2;4;16;24,OK,DADOS_AUSENTES,MAPEAMENTO_INCOMPLETO,Nove links veiculares; Rotary é entrada e Antônio Crescêncio saída de sentido único. Não criada entrada contrária ao sentido real; identidade operacional de D pendente.
FAM_RONDON_BELEM,Rondon × Belém,confirmado,sim,sim,sim,2;4;16;24,OK,DADOS_AUSENTES,DADOS_OPERACIONAIS_AUSENTES,"Dez links veiculares cobrem as descrições A/B/C/D; convergência real Belém/Argentina de 3,63 m preservada. Divergência de atendimento das zebras (Prefeitura 2020 versus OSM streetlevel 2026) depende de cadastro/fotos dos focos e retenções pedestres, sem novo erro veicular demonstrado. Sequência/permissões/transições e referência da defasagem SETTRAN ausentes."
FAM_RONDON_BENJAMIM,Rondon × Benjamim Magalhães,confirmado,sim,sim,sim,2;4;16;24,OK,DADOS_AUSENTES,MAPEAMENTO_INCOMPLETO,"Quatro faixas contínuas, doze pares de vias e 18 links veiculares num único miolo; velocidades de origem conservadas. Inventário municipal, DOM 4110/2013 e imagem 2023."
5494111589,Rondon × João Naves — travessia norte 1589,confirmado,sim,sim,sim,2;4;16;24,OK,DADOS_AUSENTES,MAPEAMENTO_INCOMPLETO,Viaduto e travessia conferidos; fonte não individualiza qual conjunto recebe A/B; programa preservado.
5494111590,Rondon × João Naves — travessia norte 1590,confirmado,sim,sim,sim,2;4;16;24,OK,DADOS_AUSENTES,MAPEAMENTO_INCOMPLETO,Link 4 acessa alça João Naves; não é retorno; vínculo dos grupos A/B e permissões não comprovados.
5494111594,Rondon × João Naves — travessia sul 1594,confirmado,sim,sim,sim,2;4;16;24,OK,DADOS_AUSENTES,MAPEAMENTO_INCOMPLETO,Travessia distinta das do norte; fonte não individualiza qual conjunto recebe A/B; programa preservado.
FAM_RONDON_NITEROI,Rondon × Niterói — cruzamento,confirmado,sim,sim,sim,2;4;16;24,OK,DADOS_AUSENTES,MAPEAMENTO_INCOMPLETO,"Miolo único, 17 links veiculares preservando os 17 pares de faixas anteriores; aproximação transversal contínua até retenção. Vermelhos discrepantes R115/R116/R117 preservados para esclarecimento SETTRAN."
5494111596,Rondon × Niterói — travessia 1596,confirmado,sim,sim,sim,2;4;16;24,OK,DADOS_AUSENTES,MAPEAMENTO_INCOMPLETO,Controle existente depois da bifurcação; integração com esquerda e estágio pedestre pendente; programa preservado.
5494111597,Rondon × Niterói — travessia 1597,confirmado,sim,sim,sim,2;4;16;24,OK,DADOS_AUSENTES,MAPEAMENTO_INCOMPLETO,Travessia da outra pista preservada; integração com controle local e estágio pedestre pendente.
FAM_RONDON_PARANA,Rondon × Paraná,confirmado,sim,sim,sim,2;4;16;24,OK,DADOS_AUSENTES,MAPEAMENTO_INCOMPLETO,"Miolo único elimina armazenamento artificial de 0,20 m; onze links veiculares. Movimentos e cores/durações veiculares legadas preservados mediante reindexação."
FAM_RONDON_PORTO_ALEGRE,Rondon × Porto Alegre — cruzamento,confirmado,sim,sim,sim,2;4;16;24,OK,DADOS_AUSENTES,MAPEAMENTO_INCOMPLETO,Dez links veiculares; aproximação transversal agora contínua até a retenção real. Duplicado 5494111602 permanece removido; outros sinais correspondem a retenções/travessias distintas.
3386573305,Rondon × Porto Alegre — entrada 3386573305,confirmado,sim,sim,sim,2;4;16;24,OK,DADOS_AUSENTES,MAPEAMENTO_INCOMPLETO,Controle veicular antes da zebra conservado; duplicado 5494111602 removido; vínculo operacional SETTRAN pendente.
3386573306,Rondon × Porto Alegre — entrada oposta,confirmado,sim,sim,sim,2;4;16;24,OK,DADOS_AUSENTES,MAPEAMENTO_INCOMPLETO,Retenção de entrada distinta da travessia de saída 5494111603; programa preservado; coordenação pendente.
5494111603,Rondon × Porto Alegre — travessia de saída,confirmado,sim,sim,sim,2;4;16;24,OK,DADOS_AUSENTES,MAPEAMENTO_INCOMPLETO,"Travessia depois do cruzamento, distinta de 3386573306; programa preservado; coordenação pendente."
FAM_RONDON_BATALHAO_7962499397,"Rondon — porta do 5º Batalhão, pista 1156717173",confirmado,sim,sim,não,,OK,NAO_AVALIADO,SEM_PLANOS,Quatro retas normalmente verdes; abertura do canteiro somente emergency. Prefeitura 11/06/2025 e croqui. Acionamento emergencial não implementado; não possui plano SETTRAN conhecido.
FAM_RONDON_BATALHAO_7962385968,"Rondon — porta do 5º Batalhão, pista 331577749",confirmado,sim,sim,não,,OK,NAO_AVALIADO,SEM_PLANOS,Quatro retas normalmente verdes; abertura do canteiro somente emergency. Prefeitura 11/06/2025 e croqui. Acionamento emergencial não implementado; não possui plano SETTRAN conhecido.
2042692453,Salomão Abraão × Maria das Dores Dias,provável,sim,sim,não,,OK,NAO_AVALIADO,SEM_PLANOS,OSM confrontado com geometria/imagem Esri de 26/11/2023; controle existente e programa preservados. Sem plano SETTRAN no arquivo fornecido.
2963614071,Salomão Abraão × Nordau Gonçalves de Melo,confirmado,sim,sim,não,,OK,NAO_AVALIADO,SEM_PLANOS,Quatro aproximações reais recuperadas. OSM e imagem 2023; programa SUMO de referência.
FAM_RONDON_RIO_DE_JANEIRO,Rondon × Rio de Janeiro,confirmado,sim,sim,não,,OK,DADOS_AUSENTES,SEM_PLANOS,"Semáforo real documentado em 2020, reposto com oito links veiculares e duas zebras. Não existe plano SETTRAN conhecido no XLSX; current usa referência O/o."
