origem,referencia,intersecao,campo_original,tipo_informacao,significado,unidade,plano,horario,estagio_movimento,valor,entidade_sumo,campo_canonico,transformacao,status_mapeamento,confianca,observacoes,status_operacional
RondonNorte.xlsx,arquivo; Plan1!A1:S158,,TEMPOS E PLANOS SEMAFÓRICOS,metadado/proveniência,Programações de nove interseções; não contém agenda de ativação.,,,,,1 aba; 9 interseções; 36 definições de plano; 128 registros de estágio/plano,,source,"Preservar origem/células e normalizar em docs/settran/settran_programs.json por scripts/audit_settran.py; artefato intermediário bloqueado, não executável.",confirmado,alta,Fonte no repositório: RondonNorte.xlsx; SHA-256 5d6014fb9978e 55513beda8db8793dbec67c94b5555ea7989a7862cf56882d2a. A aba Plan1 não identifica Plano 1. Cópia fornecida pelo usuário idêntica à analisada inicialmente em Downloads.,
RondonNorte.xlsx,docProps/core.xml,,created / modified,metadado/proveniência,Datas internas do documento; não constituem vigência dos planos.,,,,,created=2017-05-22T12:59:26Z; modified=2026-09-03T12:50:47Z,,source (metadados documentais mantidos na auditoria),,confirmado,alta,Não deduzir dia operacional nem data de entrada em operação dessas propriedades.,
RondonNorte.xlsx,Plan1!A11 e repetidas notas em cada bloco,,*Valores em segundos,metadado/proveniência,Unidade declarada para os tempos.,s,,,,segundos,,source.unit,Conservar valores em segundos.,confirmado,alta,,
RondonNorte.xlsx,Plan1!A7:A10 e coluna A dos demais blocos,,Planos,configuração semafórica,"Identificador oficial do plano; preservar como identificador, não como horário.",,,,,2; 4; 16; 24,tlLogic.programID (candidato),programs[].plan_id,Preservar IDs 2/4/16/24; não derivar hora do número.,não resolvido,alta na extração; sem confirmação SUMO,Não existe Plano 1 nem agenda. Identidade temporal e programID executável dependem das lacunas.,
RondonNorte.xlsx,Plan1!B7:B10 e coluna B dos demais blocos,,Defasagem,configuração semafórica,"Deslocamento de coordenação declarado, em segundos; origem/sinal e estágio de referência ausentes.",s,,,,0 a 103,tlLogic.offset (candidato),programs[].offset_seconds,"Preservar valor; confirmar origem, sinal e marco de sincronização antes de converter.",não resolvido,alta na extração; sem confirmação SUMO,Não atribuir diretamente offset SUMO sem semântica de referência.,
RondonNorte.xlsx,Plan1!S7:S151 (linhas de planos),,Ciclo total,configuração semafórica,Soma de verde+amarelo+vermelho de limpeza dos estágios presentes.,s,2; 4; 16; 24,,,70; 110; 130; 150,soma das phase.duration do tlLogic (candidato),programs[].cycle_seconds,Conservar ciclo; a sequência completa SUMO deve fechar o mesmo ciclo.,não resolvido,alta na extração; sem confirmação SUMO,"36 fórmulas de ciclo verificadas; exemplo S7=SUM(C7:E7,G7:I7,K7:M7,O7:Q7). Não prova estados/links nem ordem circular de transição.",
RondonNorte.xlsx,Plan1!C/G/K/O nas 36 linhas de plano,,Verde,configuração semafórica,Duração de verde declarada para o estágio.,s,,,,,phase.duration + phase.state (conversão pendente),programs[].stages[].green_seconds,Preservar campo original; compilar estados somente após vínculo estágio→controlled links.,não resolvido,alta na extração; sem confirmação SUMO,"Descrição de via não resolve conversões permitidas, links compartilhados e G versus g.",
RondonNorte.xlsx,Plan1!D/H/L/P nas 36 linhas de plano,,Amarelo,configuração semafórica,Duração denominada amarelo na fonte.,s,,,,,phase.duration + phase.state (conversão pendente),programs[].stages[].yellow_seconds,Preservar campo original; compilar estados somente após vínculo estágio→controlled links.,não resolvido,alta na extração; sem confirmação SUMO,Mesmo rótulo aparece em Pedestres; não inferir representação SUMO ou pisca pedestre.,
RondonNorte.xlsx,Plan1!E/I/M/Q nas 36 linhas de plano,,Vermelho Limpeza,configuração semafórica,Duração de limpeza declarada para o estágio.,s,,,,,phase.duration + phase.state (conversão pendente),programs[].stages[].clearance_red_seconds,Preservar campo original; compilar estados somente após vínculo estágio→controlled links.,não resolvido,alta na extração; sem confirmação SUMO,Não presumir all-red global: confirmar quais grupos fecham durante cada transição.,
RondonNorte.xlsx,Plan1!F/J/N/R nas 36 linhas de plano,,Vermelho,configuração semafórica,"Tempo restante do ciclo de um estágio, geralmente calculado.",s,,,,,phase.duration + phase.state (conversão pendente),programs[].stages[].red_seconds,Preservar campo original; compilar estados somente após vínculo estágio→controlled links.,não resolvido,alta na extração; sem confirmação SUMO,125 fórmulas red=cycle−green−yellow−clearance; 3 constantes discrepantes em Niterói. Não concatenar como fase adicional.,
RondonNorte.xlsx,Plan1!A4:R4 e quadros Identificação dos estágios/fases,,Estágios / FASES,configuração semafórica,Grupos A-D associados a descrições textuais de vias/sentidos e pedestres.,,,,,A; B; C; D (conforme interseção),controlled links; uma ou mais phase por estágio (pendente),programs[].stages[].stage_id / movement,Preservar letra e descrição original; não equiparar estágio a phase.,não resolvido,alta na extração; sem confirmação SUMO,"Sequência, compatibilidades de movimentos e estados das connections exigem confirmação específica.",
RondonNorte.xlsx,Plan1!A3; A7:S10,Av. Rondon Pacheco x Av. Benjamim Magalhães,Planos / Defasagem / Ciclo total,configuração semafórica,Quatro definições distintas da mesma interseção.,s,2; 4; 16; 24,,,"plano 2: ciclo=70, defasagem=0; plano 4: ciclo=110, defasagem=30; plano 16: ciclo=130, defasagem=36; plano 24: ciclo=150, defasagem=40",TLS FAM_RONDON_BENJAMIM,programs[] (chave intersecao + plan_id),Uma definição por interseção/plano; agenda separada. Associações físicas não geram phase.state.,CONFIRMADA,alta na geografia/estrutura; operação SETTRAN não comprovada,"Quatro faixas contínuas; único miolo FAM_RONDON_BENJAMIM_JUNCTION; doze pares de vias,18 links veiculares e seis zebras. Controles/retenções e permissões físicas corrigidos; movimentos compartilhados não autorizam deduzir G/g. Reconstrução determinística em scripts/correct_signal_infrastructure.py; imagem Esri 26/11/2023. Links pedestres sem atendimento presumido em current. Faltam estados, sequência, transições e referência da defasagem; sem agenda. Fontes: https://www.uberlandia.mg.gov.br/wp-content/uploads/2019/09/3046.pdf ; https://services.arcgisonline.com/ArcGIS/rest/services/World_Imagery/MapServer ; https://www.uberlandia.mg.gov.br/wp-content/uploads/2019/07/4110.pdf",INFRAESTRUTURA REPRESENTADA; SETTRAN BLOQUEADO
RondonNorte.xlsx,Plan1!A15:B15; C7:F10,Av. Rondon Pacheco x Av. Benjamim Magalhães,Estágios / FASES / Verde / Amarelo / Vermelho Limpeza / Vermelho,configuração semafórica,Av. Rondon Pacheco nos dois sentidos,s,2; 4; 16; 24,,A,2: 10/5/2/53; 4: 27/5/2/76; 16: 42/5/2/81; 24: 48/5/2/95,controlled links não confirmados,programs[].stages[],"Valores em cada plano na ordem verde/amarelo/limpeza/vermelho; conservar descrição, unidades e células.",não resolvido,alta na extração; sem confirmação SUMO,Não define string state SUMO. Vínculo físico e movimentos ainda dependem da auditoria da rede.,
RondonNorte.xlsx,Plan1!A16:B16; G7:J10,Av. Rondon Pacheco x Av. Benjamim Magalhães,Estágios / FASES / Verde / Amarelo / Vermelho Limpeza / Vermelho,configuração semafórica,Av. Benjamim Magalhães,s,2; 4; 16; 24,,B,2: 10/5/2/53; 4: 20/5/2/83; 16: 24/5/2/99; 24: 31/5/2/112,controlled links não confirmados,programs[].stages[],"Valores em cada plano na ordem verde/amarelo/limpeza/vermelho; conservar descrição, unidades e células.",não resolvido,alta na extração; sem confirmação SUMO,Não define string state SUMO. Vínculo físico e movimentos ainda dependem da auditoria da rede.,
RondonNorte.xlsx,Plan1!A17:B17; K7:N10,Av. Rondon Pacheco x Av. Benjamim Magalhães,Estágios / FASES / Verde / Amarelo / Vermelho Limpeza / Vermelho,configuração semafórica,Rua Alagoas,s,2; 4; 16; 24,,C,2: 10/5/2/53; 4: 23/5/2/80; 16: 24/5/2/99; 24: 31/5/2/112,controlled links não confirmados,programs[].stages[],"Valores em cada plano na ordem verde/amarelo/limpeza/vermelho; conservar descrição, unidades e células.",não resolvido,alta na extração; sem confirmação SUMO,Não define string state SUMO. Vínculo físico e movimentos ainda dependem da auditoria da rede.,
RondonNorte.xlsx,Plan1!A18:B18; O7:R10,Av. Rondon Pacheco x Av. Benjamim Magalhães,Estágios / FASES / Verde / Amarelo / Vermelho Limpeza / Vermelho,configuração semafórica,Pedestres,s,2; 4; 16; 24,,D,2: 15/4/0/51; 4: 15/4/0/91; 16: 15/4/0/111; 24: 15/4/0/131,controlled links não confirmados,programs[].stages[],"Valores em cada plano na ordem verde/amarelo/limpeza/vermelho; conservar descrição, unidades e células.",não resolvido,alta na extração; sem confirmação SUMO,Não define string state SUMO. Grupo de pedestres; representação e travessias SUMO precisam ser comprovadas.,
RondonNorte.xlsx,Plan1!A21; A25:S28,Av. Rondon Pacheco x Rua Paraná,Planos / Defasagem / Ciclo total,configuração semafórica,Quatro definições distintas da mesma interseção.,s,2; 4; 16; 24,,,"plano 2: ciclo=70, defasagem=0; plano 4: ciclo=110, defasagem=20; plano 16: ciclo=130, defasagem=78; plano 24: ciclo=150, defasagem=90",TLS FAM_RONDON_PARANA,programs[] (chave intersecao + plan_id),Uma definição por interseção/plano; agenda separada. Associações físicas não geram phase.state.,CONFIRMADA,alta na geografia/estrutura; operação SETTRAN não comprovada,"Nós fragmentados reunidos no mesmo cruzamento físico; onze links veiculares e quatro zebras. Retirado armazenamento artificial de 0,20 m; cores/durações veiculares preservadas por origem/destino/faixa. Reconstrução determinística em scripts/correct_signal_infrastructure.py; imagem Esri 26/11/2023. Links pedestres sem atendimento presumido em current. Faltam estados, sequência, transições e referência da defasagem; sem agenda. Fontes: https://www.uberlandia.mg.gov.br/2025/06/11/bombeiros-terao-controle-de-sistema-de-fechamento-semaforico-nas-imediacoes-do-5o-batalhao-para-garantir-agilidade-e-seguranca-na-saida-de-viaturas/ ; https://api.openstreetmap.org/api/0.6/map?bbox=-48.270,-18.918,-48.253,-18.892",INFRAESTRUTURA REPRESENTADA; SETTRAN BLOQUEADO
RondonNorte.xlsx,Plan1!A33:B33; C25:F28,Av. Rondon Pacheco x Rua Paraná,Estágios / FASES / Verde / Amarelo / Vermelho Limpeza / Vermelho,configuração semafórica,Av. Rondon Pacheco sentido Rio Uberabinha,s,2; 4; 16; 24,,A,2: 23/3/2/42; 4: 36/3/2/69; 16: 41/3/2/84; 24: 46/3/2/99,controlled links não confirmados,programs[].stages[],"Valores em cada plano na ordem verde/amarelo/limpeza/vermelho; conservar descrição, unidades e células.",não resolvido,alta na extração; sem confirmação SUMO,Não define string state SUMO. Vínculo físico e movimentos ainda dependem da auditoria da rede.,
RondonNorte.xlsx,Plan1!A34:B34; G25:J28,Av. Rondon Pacheco x Rua Paraná,Estágios / FASES / Verde / Amarelo / Vermelho Limpeza / Vermelho,configuração semafórica,Av. Rondon Pacheco sentido BR050,s,2; 4; 16; 24,,B,2: 10/3/2/55; 4: 22/3/2/83; 16: 27/3/2/98; 24: 32/3/2/113,controlled links não confirmados,programs[].stages[],"Valores em cada plano na ordem verde/amarelo/limpeza/vermelho; conservar descrição, unidades e células.",não resolvido,alta na extração; sem confirmação SUMO,Não define string state SUMO. Vínculo físico e movimentos ainda dependem da auditoria da rede.,
RondonNorte.xlsx,Plan1!A35:B35; K25:N28,Av. Rondon Pacheco x Rua Paraná,Estágios / FASES / Verde / Amarelo / Vermelho Limpeza / Vermelho,configuração semafórica,Rua Paraná sentido bairro Tibery,s,2; 4; 16; 24,,C,2: 9/3/2/56; 4: 16/3/2/89; 16: 21/3/2/104; 24: 26/3/2/119,controlled links não confirmados,programs[].stages[],"Valores em cada plano na ordem verde/amarelo/limpeza/vermelho; conservar descrição, unidades e células.",não resolvido,alta na extração; sem confirmação SUMO,Não define string state SUMO. Vínculo físico e movimentos ainda dependem da auditoria da rede.,
RondonNorte.xlsx,Plan1!A36:B36; O25:R28,Av. Rondon Pacheco x Rua Paraná,Estágios / FASES / Verde / Amarelo / Vermelho Limpeza / Vermelho,configuração semafórica,Rua Paraná sentido bairro Brasil,s,2; 4; 16; 24,,D,2: 8/3/2/57; 4: 16/3/2/89; 16: 21/3/2/104; 24: 26/3/2/119,controlled links não confirmados,programs[].stages[],"Valores em cada plano na ordem verde/amarelo/limpeza/vermelho; conservar descrição, unidades e células.",não resolvido,alta na extração; sem confirmação SUMO,Não define string state SUMO. Vínculo físico e movimentos ainda dependem da auditoria da rede.,
RondonNorte.xlsx,Plan1!A39; A43:S46,Av. Cesário Alvin x Rua Paraná,Planos / Defasagem / Ciclo total,configuração semafórica,Quatro definições distintas da mesma interseção.,s,2; 4; 16; 24,,,"plano 2: ciclo=70, defasagem=0; plano 4: ciclo=110, defasagem=80; plano 16: ciclo=130, defasagem=89; plano 24: ciclo=150, defasagem=103",TLS FAM_CESARIO_PARANA,programs[] (chave intersecao + plan_id),Uma definição por interseção/plano; agenda separada. Associações físicas não geram phase.state.,CONFIRMADA,alta na geografia/estrutura; operação SETTRAN não comprovada,"Miolo físico e três retenções de entrada representados; cinco movimentos externos, sem bifurcação/reconvergência artificial. Vínculo físico A/B/C continua rastreável; sequência e estados não compilados. Reconstrução determinística em scripts/correct_signal_infrastructure.py; imagem Esri 26/11/2023. Links pedestres sem atendimento presumido em current. Faltam estados, sequência, transições e referência da defasagem; sem agenda. Fontes: https://www.uberlandia.mg.gov.br/wp-content/uploads/2019/09/3046.pdf ; https://services.arcgisonline.com/ArcGIS/rest/services/World_Imagery/MapServer",INFRAESTRUTURA REPRESENTADA; SETTRAN BLOQUEADO
RondonNorte.xlsx,Plan1!A51:B51; C43:F46,Av. Cesário Alvin x Rua Paraná,Estágios / FASES / Verde / Amarelo / Vermelho Limpeza / Vermelho,configuração semafórica,Av. Cesário Alvin,s,2; 4; 16; 24,,A,2: 14/5/17/34; 4: 23/5/17/65; 16: 30/5/17/78; 24: 38/5/17/90,TLS FAM_CESARIO_PARANA; linkIndex 1/2 (602306713#21),programs[].stages[],"Valores em cada plano na ordem verde/amarelo/limpeza/vermelho; conservar descrição, unidades e células.",confirmado,alta na associação física; estados/transições não compilados,"Associação física aos controlledLinks confirmada em 02/10/2026; conserva tempos e células de origem. Não determina sozinho phase.state, sequência, coordenação nem agenda. Nenhum programa SETTRAN executável emitido.",
RondonNorte.xlsx,Plan1!A52:B52; G43:J46,Av. Cesário Alvin x Rua Paraná,Estágios / FASES / Verde / Amarelo / Vermelho Limpeza / Vermelho,configuração semafórica,Rua Paraná sentido bairro Tibery,s,2; 4; 16; 24,,B,2: 10/5/2/53; 4: 26/5/2/77; 16: 33/5/2/90; 24: 37/5/2/106,"TLS FAM_CESARIO_PARANA; linkIndex 3/4 (665897556#1, antes da bifurcação)",programs[].stages[],"Valores em cada plano na ordem verde/amarelo/limpeza/vermelho; conservar descrição, unidades e células.",confirmado,alta na associação física; estados/transições pendentes,"Entrada Paraná vindo de Brasil confirmada pelo sentido das vias e pela retenção externa antes de 853749385/386. Imagem Esri / WorldView-3, aquisição 26/11/2023, resolução 0,31 m e precisão planimétrica 5 m; layer10 OBJECTID5987423, SRC_DATE20231126/SRC_DESCWV03; metadados identify: https://services.arcgisonline.com/ArcGIS/rest/services/World_Imagery/MapServer . Associação física apenas; não determina G/g nem a sequência das transições. Nenhum phase.state emitido.",
RondonNorte.xlsx,Plan1!A53:B53; K43:N46,Av. Cesário Alvin x Rua Paraná,Estágios / FASES / Verde / Amarelo / Vermelho Limpeza / Vermelho,configuração semafórica,Rua Paraná sentido bairro Brasil,s,2; 4; 16; 24,,C,2: 10/5/2/53; 4: 25/5/2/78; 16: 31/5/2/92; 24: 39/5/2/104,TLS FAM_CESARIO_PARANA; linkIndex 0 (154252437#1),programs[].stages[],"Valores em cada plano na ordem verde/amarelo/limpeza/vermelho; conservar descrição, unidades e células.",confirmado,alta na associação física; estados/transições não compilados,"Associação física aos controlledLinks confirmada em 02/10/2026; conserva tempos e células de origem. Não determina sozinho phase.state, sequência, coordenação nem agenda. Nenhum programa SETTRAN executável emitido.",
RondonNorte.xlsx,Plan1!A56; A60:S63,Av. Rondon Pacheco x Rua Porto Alegre,Planos / Defasagem / Ciclo total,configuração semafórica,Quatro definições distintas da mesma interseção.,s,2; 4; 16; 24,,,"plano 2: ciclo=70, defasagem=61; plano 4: ciclo=110, defasagem=75; plano 16: ciclo=130, defasagem=91; plano 24: ciclo=150, defasagem=100",TLS FAM_RONDON_PORTO_ALEGRE,programs[] (chave intersecao + plan_id),Uma definição por interseção/plano; agenda separada. Associações físicas não geram phase.state.,CONFIRMADA,alta na geografia/estrutura; operação SETTRAN não comprovada,"Transversal 30664532#2 contínua até retenção real; dez links veiculares. Sinais legados 3386573305/3386573306/5494111603 e zebras mantidos; duplicado 5494111602 retirado anteriormente. Reconstrução determinística em scripts/correct_signal_infrastructure.py; imagem Esri 26/11/2023. Links pedestres sem atendimento presumido em current. Faltam estados, sequência, transições e referência da defasagem; sem agenda. Fontes: https://services.arcgisonline.com/ArcGIS/rest/services/World_Imagery/MapServer ; https://www.uberlandia.mg.gov.br/2020/06/10/mais-de-350-semaforos-ja-contam-com-botoeiras-para-travessia-de-pedestres/",INFRAESTRUTURA REPRESENTADA; SETTRAN BLOQUEADO
RondonNorte.xlsx,Plan1!A68:B68; C60:F63,Av. Rondon Pacheco x Rua Porto Alegre,Estágios / FASES / Verde / Amarelo / Vermelho Limpeza / Vermelho,configuração semafórica,Av. Rondon Pacheco sentido BR050 e conversão à esquerda,s,2; 4; 16; 24,,A,2: 10/3/2/55; 4: 15/3/2/90; 16: 20/3/2/105; 24: 25/3/2/120,controlled links não confirmados,programs[].stages[],"Valores em cada plano na ordem verde/amarelo/limpeza/vermelho; conservar descrição, unidades e células.",não resolvido,alta na extração; sem confirmação SUMO,Não define string state SUMO. Vínculo físico e movimentos ainda dependem da auditoria da rede.,
RondonNorte.xlsx,Plan1!A69:B69; G60:J63,Av. Rondon Pacheco x Rua Porto Alegre,Estágios / FASES / Verde / Amarelo / Vermelho Limpeza / Vermelho,configuração semafórica,Av. Rondon Pacheco nos dois sentidos,s,2; 4; 16; 24,,B,2: 16/3/2/49; 4: 31/3/2/74; 16: 41/3/2/84; 24: 61/3/2/84,controlled links não confirmados,programs[].stages[],"Valores em cada plano na ordem verde/amarelo/limpeza/vermelho; conservar descrição, unidades e células.",não resolvido,alta na extração; sem confirmação SUMO,Não define string state SUMO. Vínculo físico e movimentos ainda dependem da auditoria da rede.,
RondonNorte.xlsx,Plan1!A70:B70; K60:N63,Av. Rondon Pacheco x Rua Porto Alegre,Estágios / FASES / Verde / Amarelo / Vermelho Limpeza / Vermelho,configuração semafórica,Rua Porto Alegre,s,2; 4; 16; 24,,C,2: 10/3/2/55; 4: 30/3/2/75; 16: 35/3/2/90; 24: 30/3/2/115,TLS FAM_RONDON_PORTO_ALEGRE; índices 3–4 (30664532#2),programs[].stages[],"Valores em cada plano na ordem verde/amarelo/limpeza/vermelho; conservar descrição, unidades e células.",confirmado,alta na associação física; estados/transições não compilados,"Aproximação transversal única comprovada por retenção/OSM/imagem 2023. Vínculo físico às conexões anteriormente alcançáveis; não define permissões, verdes, transições ou sequência SETTRAN.",
RondonNorte.xlsx,Plan1!A71:B71; O60:R63,Av. Rondon Pacheco x Rua Porto Alegre,Estágios / FASES / Verde / Amarelo / Vermelho Limpeza / Vermelho,configuração semafórica,Pedestres,s,2; 4; 16; 24,,D,2: 15/4/0/51; 4: 15/4/0/91; 16: 15/4/0/111; 24: 15/4/0/131,controlled links não confirmados,programs[].stages[],"Valores em cada plano na ordem verde/amarelo/limpeza/vermelho; conservar descrição, unidades e células.",não resolvido,alta na extração; sem confirmação SUMO,Não define string state SUMO. Grupo de pedestres; representação e travessias SUMO precisam ser comprovadas.,
RondonNorte.xlsx,Plan1!A74; A78:S81,Av. Rondon Pacheco x Rua Belém,Planos / Defasagem / Ciclo total,configuração semafórica,Quatro definições distintas da mesma interseção.,s,2; 4; 16; 24,,,"plano 2: ciclo=70, defasagem=61; plano 4: ciclo=110, defasagem=75; plano 16: ciclo=130, defasagem=81; plano 24: ciclo=150, defasagem=90",TLS FAM_RONDON_BELEM,programs[] (chave intersecao + plan_id),Uma definição por interseção/plano; agenda separada. Associações físicas não geram phase.state.,CONFIRMADA,alta na geografia/estrutura; operação SETTRAN não comprovada,"Transversal 965367673#0 contínua até retenção real; dez links veiculares. Convergência Belém/Argentina real preservada; não retirar seus3,63 m remanescentes. Vínculo das duas zebras a focos/botoeiras permanece não comprovado; obter cadastro ou foto frontal atual. Reconstrução determinística em scripts/correct_signal_infrastructure.py; imagem Esri 26/11/2023. Links pedestres sem atendimento presumido em current. Faltam estados, sequência, transições e referência da defasagem; sem agenda. Fontes: https://services.arcgisonline.com/ArcGIS/rest/services/World_Imagery/MapServer ; https://www.uberlandia.mg.gov.br/2020/06/10/mais-de-350-semaforos-ja-contam-com-botoeiras-para-travessia-de-pedestres/",INFRAESTRUTURA REPRESENTADA; SETTRAN BLOQUEADO
RondonNorte.xlsx,Plan1!A86:B86; C78:F81,Av. Rondon Pacheco x Rua Belém,Estágios / FASES / Verde / Amarelo / Vermelho Limpeza / Vermelho,configuração semafórica,Av. Rondon Pacheco sentido BR050,s,2; 4; 16; 24,,A,2: 15/3/2/50; 4: 15/3/2/90; 16: 20/3/2/105; 24: 15/3/2/130,TLS FAM_RONDON_BELEM; linkIndex 4/5/6 (576876311#3),programs[].stages[],"Valores em cada plano na ordem verde/amarelo/limpeza/vermelho; conservar descrição, unidades e células.",confirmado,alta na associação física; estados/transições não compilados,"Associação física aos controlledLinks confirmada em 02/10/2026; conserva tempos e células de origem. Não determina sozinho phase.state, sequência, coordenação nem agenda. Nenhum programa SETTRAN executável emitido.",
RondonNorte.xlsx,Plan1!A87:B87; G78:J81,Av. Rondon Pacheco x Rua Belém,Estágios / FASES / Verde / Amarelo / Vermelho Limpeza / Vermelho,configuração semafórica,Av. Rondon Pacheco nos dois sentidos,s,2; 4; 16; 24,,B,2: 10/3/2/55; 4: 30/3/2/75; 16: 45/3/2/80; 24: 60/3/2/85,TLS FAM_RONDON_BELEM; linkIndex 0–6 (ambos os sentidos Rondon),programs[].stages[],"Valores em cada plano na ordem verde/amarelo/limpeza/vermelho; conservar descrição, unidades e células.",confirmado,alta na associação física; estados/transições não compilados,"Associação física aos controlledLinks confirmada em 02/10/2026; conserva tempos e células de origem. Não determina sozinho phase.state, sequência, coordenação nem agenda. Nenhum programa SETTRAN executável emitido.",
RondonNorte.xlsx,Plan1!A88:B88; K78:N81,Av. Rondon Pacheco x Rua Belém,Estágios / FASES / Verde / Amarelo / Vermelho Limpeza / Vermelho,configuração semafórica,Av. Rondon Pacheco sentido centro,s,2; 4; 16; 24,,C,2: 15/3/2/50; 4: 15/3/2/90; 16: 15/3/2/110; 24: 15/3/2/130,TLS FAM_RONDON_BELEM; linkIndex 0/1/2/3 (331577750#1),programs[].stages[],"Valores em cada plano na ordem verde/amarelo/limpeza/vermelho; conservar descrição, unidades e células.",confirmado,alta na associação física; estados/transições não compilados,"Associação física aos controlledLinks confirmada em 02/10/2026; conserva tempos e células de origem. Não determina sozinho phase.state, sequência, coordenação nem agenda. Nenhum programa SETTRAN executável emitido.",
RondonNorte.xlsx,Plan1!A89:B89; O78:R81,Av. Rondon Pacheco x Rua Belém,Estágios / FASES / Verde / Amarelo / Vermelho Limpeza / Vermelho,configuração semafórica,Rua Belém,s,2; 4; 16; 24,,D,2: 10/3/2/55; 4: 30/3/2/75; 16: 30/3/2/95; 24: 40/3/2/105,TLS FAM_RONDON_BELEM; linkIndex 7–9 (entrada externa 965367673#0),programs[].stages[],"Valores em cada plano na ordem verde/amarelo/limpeza/vermelho; conservar descrição, unidades e células.",confirmado,alta na associação física; estados/transições não compilados,"Vínculo físico D reindexado após retirar a retenção indevida no conector interno 965367671. Conservar tempos/células; não determina estados, sequência nem coordenação. Nenhum plano compilado.",
RondonNorte.xlsx,Plan1!A92; A96:S99,Av. Rondon Pacheco x Rua Antônio Crescêncio,Planos / Defasagem / Ciclo total,configuração semafórica,Quatro definições distintas da mesma interseção.,s,2; 4; 16; 24,,,"plano 2: ciclo=70, defasagem=30; plano 4: ciclo=110, defasagem=20; plano 16: ciclo=130, defasagem=16; plano 24: ciclo=150, defasagem=40",TLS FAM_RONDON_ROTARY_CLUB,programs[] (chave intersecao + plan_id),Uma definição por interseção/plano; agenda separada. Associações físicas não geram phase.state.,CONFIRMADA,alta na geografia/estrutura; operação SETTRAN não comprovada,"Nove links veiculares e três zebras; Antônio Crescêncio é saída de sentido único, Rotary entrada. Não criada entrada artificial; rótuloD exige confirmação SETTRAN. Reconstrução determinística em scripts/correct_signal_infrastructure.py; imagem Esri 26/11/2023. Links pedestres sem atendimento presumido em current. Faltam estados, sequência, transições e referência da defasagem; sem agenda. Fontes: https://api.openstreetmap.org/api/0.6/way/303101571/full ; https://www.uberlandia.mg.gov.br/wp-content/uploads/2019/09/3046.pdf ; https://www.uberlandia.mg.gov.br/2020/06/10/mais-de-350-semaforos-ja-contam-com-botoeiras-para-travessia-de-pedestres/",INFRAESTRUTURA REPRESENTADA; SETTRAN BLOQUEADO
RondonNorte.xlsx,Plan1!A104:B104; C96:F99,Av. Rondon Pacheco x Rua Antônio Crescêncio,Estágios / FASES / Verde / Amarelo / Vermelho Limpeza / Vermelho,configuração semafórica,Av. Rondon Pacheco sentido centro,s,2; 4; 16; 24,,A,2: 15/3/2/50; 4: 15/3/2/90; 16: 20/3/2/105; 24: 15/3/2/130,controlled links não confirmados,programs[].stages[],"Valores em cada plano na ordem verde/amarelo/limpeza/vermelho; conservar descrição, unidades e células.",não resolvido,alta na extração; sem confirmação SUMO,Não define string state SUMO. Vínculo físico e movimentos ainda dependem da auditoria da rede.,
RondonNorte.xlsx,Plan1!A105:B105; G96:J99,Av. Rondon Pacheco x Rua Antônio Crescêncio,Estágios / FASES / Verde / Amarelo / Vermelho Limpeza / Vermelho,configuração semafórica,Av. Rondon Pacheco nos dois sentidos,s,2; 4; 16; 24,,B,2: 10/3/2/55; 4: 30/3/2/75; 16: 45/3/2/80; 24: 50/3/2/95,controlled links não confirmados,programs[].stages[],"Valores em cada plano na ordem verde/amarelo/limpeza/vermelho; conservar descrição, unidades e células.",não resolvido,alta na extração; sem confirmação SUMO,Não define string state SUMO. Vínculo físico e movimentos ainda dependem da auditoria da rede.,
RondonNorte.xlsx,Plan1!A106:B106; K96:N99,Av. Rondon Pacheco x Rua Antônio Crescêncio,Estágios / FASES / Verde / Amarelo / Vermelho Limpeza / Vermelho,configuração semafórica,Av. Rondon Pacheco sentido BR050,s,2; 4; 16; 24,,C,2: 15/3/2/50; 4: 15/3/2/90; 16: 15/3/2/110; 24: 15/3/2/130,controlled links não confirmados,programs[].stages[],"Valores em cada plano na ordem verde/amarelo/limpeza/vermelho; conservar descrição, unidades e células.",não resolvido,alta na extração; sem confirmação SUMO,Não define string state SUMO. Vínculo físico e movimentos ainda dependem da auditoria da rede.,
RondonNorte.xlsx,Plan1!A107:B107; O96:R99,Av. Rondon Pacheco x Rua Antônio Crescêncio,Estágios / FASES / Verde / Amarelo / Vermelho Limpeza / Vermelho,configuração semafórica,Rua Antônio Crescêncio,s,2; 4; 16; 24,,D,2: 10/3/2/55; 4: 30/3/2/75; 16: 30/3/2/95; 24: 50/3/2/95,controlled links não confirmados,programs[].stages[],"Valores em cada plano na ordem verde/amarelo/limpeza/vermelho; conservar descrição, unidades e células.",não resolvido,alta na extração; sem confirmação SUMO,"Antônio Crescêncio é saída de sentido único; a entrada transversal atual é Rotary Club, já controlada. Falta confirmar se D descreve destino, arranjo histórico ou outro grupo; não criar entrada contrária ao sentido documentado nem atribuir links sem essa confirmação.",
RondonNorte.xlsx,Plan1!A110; A114:S117,Av. Rondon Pacheco x Rua Niterói,Planos / Defasagem / Ciclo total,configuração semafórica,Quatro definições distintas da mesma interseção.,s,2; 4; 16; 24,,,"plano 2: ciclo=70, defasagem=40; plano 4: ciclo=110, defasagem=20; plano 16: ciclo=130, defasagem=16; plano 24: ciclo=150, defasagem=40",TLS FAM_RONDON_NITEROI,programs[] (chave intersecao + plan_id),Uma definição por interseção/plano; agenda separada. Associações físicas não geram phase.state.,CONFIRMADA,alta na geografia/estrutura; operação SETTRAN não comprovada,"Transversal 30622933#11 contínua até retenção real; dezessete links veiculares após reunião do miolo;17 pares de faixas da fonte preservados e duas zebras locais;5494111596/1597 mantidos. Vermelhos R115/R116/R117 discrepantes não corrigidos automaticamente. Reconstrução determinística em scripts/correct_signal_infrastructure.py; imagem Esri 26/11/2023. Links pedestres sem atendimento presumido em current. Faltam estados, sequência, transições e referência da defasagem; sem agenda. Fontes: https://services.arcgisonline.com/ArcGIS/rest/services/World_Imagery/MapServer ; https://www.uberlandia.mg.gov.br/2020/06/10/mais-de-350-semaforos-ja-contam-com-botoeiras-para-travessia-de-pedestres/",INFRAESTRUTURA REPRESENTADA; SETTRAN BLOQUEADO
RondonNorte.xlsx,Plan1!A122:B122; C114:F117,Av. Rondon Pacheco x Rua Niterói,Estágios / FASES / Verde / Amarelo / Vermelho Limpeza / Vermelho,configuração semafórica,Av. Rondon Pacheco sentido centro e conversão à esquerda,s,2; 4; 16; 24,,A,2: 15/3/2/50; 4: 15/3/2/90; 16: 25/3/2/100; 24: 25/3/2/120,TLS FAM_RONDON_NITEROI; índices 0–6 (931572689; quatro retas e três continuações da esquerda antes da bifurcação),programs[].stages[],"Valores em cada plano na ordem verde/amarelo/limpeza/vermelho; conservar descrição, unidades e células.",confirmado,alta na associação física; estados/transições não compilados,"Reindexação após unir o mesmo miolo físico: conserva exatamente os pares de vias/faixas anteriores, incluindo continuações antes no conector 1156717174. Associação física do grupo não autoriza G/g, retornos, sequência, transições ou coordenação entre TLS.",
RondonNorte.xlsx,Plan1!A123:B123; G114:J117,Av. Rondon Pacheco x Rua Niterói,Estágios / FASES / Verde / Amarelo / Vermelho Limpeza / Vermelho,configuração semafórica,Av. Rondon Pacheco nos dois sentidos,s,2; 4; 16; 24,,B,2: 10/3/2/55; 4: 40/3/2/65; 16: 40/3/2/85; 24: 50/3/2/95,controlled links não confirmados,programs[].stages[],"Valores em cada plano na ordem verde/amarelo/limpeza/vermelho; conservar descrição, unidades e células.",não resolvido,alta na extração; sem confirmação SUMO,Não define string state SUMO. Vínculo físico e movimentos ainda dependem da auditoria da rede.,
RondonNorte.xlsx,Plan1!A124:B124; K114:N117,Av. Rondon Pacheco x Rua Niterói,Estágios / FASES / Verde / Amarelo / Vermelho Limpeza / Vermelho,configuração semafórica,Rua Niterói,s,2; 4; 16; 24,,C,2: 15/3/2/50; 4: 20/3/2/85; 16: 30/3/2/95; 24: 40/3/2/105,TLS FAM_RONDON_NITEROI; índices 12–16 (30622933#11),programs[].stages[],"Valores em cada plano na ordem verde/amarelo/limpeza/vermelho; conservar descrição, unidades e células.",confirmado,alta na associação física; estados/transições não compilados,"Aproximação transversal única comprovada por retenção/OSM/imagem 2023. Vínculo físico às conexões anteriormente alcançáveis; não define permissões, verdes, transições ou sequência SETTRAN.",
RondonNorte.xlsx,Plan1!A125:B125; O114:R117,Av. Rondon Pacheco x Rua Niterói,Estágios / FASES / Verde / Amarelo / Vermelho Limpeza / Vermelho,configuração semafórica,Pedestres,s,2; 4; 16; 24,,D,2: 10/3/2/55; 4: 15/3/2/33; 16: 15/3/2/35; 24: 15/3/2/29,controlled links não confirmados,programs[].stages[],"Valores em cada plano na ordem verde/amarelo/limpeza/vermelho; conservar descrição, unidades e células.",não resolvido,alta na extração; sem confirmação SUMO,Não define string state SUMO. Grupo de pedestres; representação e travessias SUMO precisam ser comprovadas.,
RondonNorte.xlsx,Plan1!A128; A132:S135,Av. Rondon Pacheco x Av. João Naves de Ávila,Planos / Defasagem / Ciclo total,configuração semafórica,Quatro definições distintas da mesma interseção.,s,2; 4; 16; 24,,,"plano 2: ciclo=70, defasagem=51; plano 4: ciclo=110, defasagem=0; plano 16: ciclo=130, defasagem=0; plano 24: ciclo=150, defasagem=0",TLS 5494111590 / 5494111589 / 5494111594,programs[] (chave intersecao + plan_id),Uma definição por interseção/plano; agenda separada. Associações físicas não geram phase.state.,CONFIRMADA,alta na geografia/estrutura; operação SETTRAN não comprovada,"Viaduto preservado; travessias Rondon e retenções representadas.5494111593 é controle lateral na João Naves, deslocado à sua zebra real; alça cede antes da Rondon, sem retorno proibido. Reconstrução determinística em scripts/correct_signal_infrastructure.py; imagem Esri 26/11/2023. Links pedestres sem atendimento presumido em current. Faltam estados, sequência, transições e referência da defasagem; sem agenda. Fontes: https://www.uberlandia.mg.gov.br/2020/01/03/dmae-realiza-manutencao-na-alca-do-viaduto-da-joao-naves-de-avila/ ; https://www.uberlandia.mg.gov.br/2025/10/24/dmae-realiza-interdicoes-de-transito-no-final-de-semana-5/ ; https://www.uberlandia.mg.gov.br/2020/06/10/mais-de-350-semaforos-ja-contam-com-botoeiras-para-travessia-de-pedestres/",INFRAESTRUTURA REPRESENTADA; SETTRAN BLOQUEADO
RondonNorte.xlsx,Plan1!A140:B140; C132:F135,Av. Rondon Pacheco x Av. João Naves de Ávila,Estágios / FASES / Verde / Amarelo / Vermelho Limpeza / Vermelho,configuração semafórica,Av. Rondon Pacheco sentido centro,s,2; 4; 16; 24,,A,2: 23/5/7/35; 4: 43/5/7/55; 16: 53/5/7/65; 24: 63/5/7/75,controlled links não confirmados,programs[].stages[],"Valores em cada plano na ordem verde/amarelo/limpeza/vermelho; conservar descrição, unidades e células.",não resolvido,alta na extração; sem confirmação SUMO,Não define string state SUMO. Vínculo físico e movimentos ainda dependem da auditoria da rede.,
RondonNorte.xlsx,Plan1!A141:B141; G132:J135,Av. Rondon Pacheco x Av. João Naves de Ávila,Estágios / FASES / Verde / Amarelo / Vermelho Limpeza / Vermelho,configuração semafórica,Av. Rondon Pacheco sentido BR050,s,2; 4; 16; 24,,B,2: 23/5/7/35; 4: 43/5/7/55; 16: 53/5/7/65; 24: 63/5/7/75,controlled links não confirmados,programs[].stages[],"Valores em cada plano na ordem verde/amarelo/limpeza/vermelho; conservar descrição, unidades e células.",não resolvido,alta na extração; sem confirmação SUMO,Não define string state SUMO. Vínculo físico e movimentos ainda dependem da auditoria da rede.,
RondonNorte.xlsx,Plan1!A144; A148:S151,Av. Rondon Pacheco x Av. Anselmo Alves do Nascimento,Planos / Defasagem / Ciclo total,configuração semafórica,Quatro definições distintas da mesma interseção.,s,2; 4; 16; 24,,,"plano 2: ciclo=70, defasagem=19; plano 4: ciclo=110, defasagem=80; plano 16: ciclo=130, defasagem=87; plano 24: ciclo=150, defasagem=100",TLS FAM_RONDON_ANSELMO (8 links Rondon) + 338654991 (2 links Anselmo); junctions 2651934389 / 2783757296,programs[] (chave intersecao + plan_id),Uma definição por interseção/plano; manter agenda separada. Associação geográfica apenas; não ativa programas SUMO.,PROVÁVEL,alta na correção dos dois fluxos Rondon; identidade Nascimento/Santos pendente,"Revisão 02/10/2026: corrigido estreitamento indevido de três retas para duas em 462991286. Continuidades1171563461 lanes1/2/3→462991286 lanes0/1/2→46711471#0 lanes1/2/3; internos e conflitos locais recalculados pelo netconvert, sem propagação de alterações alheias. Limite local corrigido100→60km/h, conforme documento oficial2025. Current O/o, TLS 338654991 preservado. Croqui SETTRAN14/01/2025 e aferição INMETRO13/08/2026 comprovam três faixas Bairro/Centro: https://docs.uberlandia.mg.gov.br/wp-content/uploads/2025/07/Avenida-Rondon-Pacheco-com-Avenida-Anselmo-Alves-dos-Santos_SBC_ET_2025.pdf ; https://docs.uberlandia.mg.gov.br/wp-content/uploads/2026/08/Avenida-Rondon-Pacheco-cruzamento-Avenida-Anselmo-Alves-dos-Santos_SBC_afericao_2026_2027.pdf . Ramo direito292932042#0 conserva duas faixas existentes; eventual sinal3050761411 só está corroborado por ediçãoOSM21/09/2026 com referência Mapillary sem foto/data verificável. Não corrigir faixa/controle desse ramo sem prova adicional. Cabeçalho SETTRAN Nascimento versus estágio dos Santos continua inconsistente; sem identidade operacional, permissões, sequência ou agenda presumidas.","MAPEADA, MAS INCOMPLETA"
RondonNorte.xlsx,Plan1!A156:B156; C148:F151,Av. Rondon Pacheco x Av. Anselmo Alves do Nascimento,Estágios / FASES / Verde / Amarelo / Vermelho Limpeza / Vermelho,configuração semafórica,Av. Rondon Pacheco sentido Rio Uberabinha,s,2; 4; 16; 24,,A,2: 13/5/2/50; 4: 13/5/2/90; 16: 13/5/2/110; 24: 13/5/2/130,controlled links não confirmados,programs[].stages[],"Valores em cada plano na ordem verde/amarelo/limpeza/vermelho; conservar descrição, unidades e células.",não resolvido,alta na extração; sem confirmação SUMO,Não define string state SUMO. Vínculo físico e movimentos ainda dependem da auditoria da rede.,
RondonNorte.xlsx,Plan1!A157:B157; G148:J151,Av. Rondon Pacheco x Av. Anselmo Alves do Nascimento,Estágios / FASES / Verde / Amarelo / Vermelho Limpeza / Vermelho,configuração semafórica,Av. Rondon Pacheco nos dois sentidos,s,2; 4; 16; 24,,B,2: 22/5/2/41; 4: 48/5/2/55; 16: 50/5/2/73; 24: 53/5/2/90,controlled links não confirmados,programs[].stages[],"Valores em cada plano na ordem verde/amarelo/limpeza/vermelho; conservar descrição, unidades e células.",não resolvido,alta na extração; sem confirmação SUMO,Não define string state SUMO. Vínculo físico e movimentos ainda dependem da auditoria da rede.,
RondonNorte.xlsx,Plan1!A158:B158; K148:N151,Av. Rondon Pacheco x Av. Anselmo Alves do Nascimento,Estágios / FASES / Verde / Amarelo / Vermelho Limpeza / Vermelho,configuração semafórica,Av. Anselmo Alves dos Santos,s,2; 4; 16; 24,,C,2: 14/5/2/49; 4: 28/5/2/75; 16: 46/5/2/77; 24: 63/5/2/80,controlled links não confirmados,programs[].stages[],"Valores em cada plano na ordem verde/amarelo/limpeza/vermelho; conservar descrição, unidades e células.",não resolvido,alta na extração; sem confirmação SUMO,Não define string state SUMO. Vínculo físico e movimentos ainda dependem da auditoria da rede.,
RondonNorte.xlsx,Plan1!O115:S115,Av. Rondon Pacheco x Rua Niterói,Vermelho,configuração semafórica,Constante que não fecha o ciclo com os demais tempos do estágio D.,s,4,,D / Pedestres,fonte=33; residual aritmético=90; ciclo=110,programa indisponível sem esclarecimento,anomalies[].kind=red_cycle_mismatch,Registrar divergência; não substituir pelo residual calculado.,não resolvido,alta na inconsistência aritmética,R115/R116/R117 não têm fórmula. Solicitar à SETTRAN confirmação do campo e do comportamento pedestre; componente dependente: compilação do plano.,
RondonNorte.xlsx,Plan1!O116:S116,Av. Rondon Pacheco x Rua Niterói,Vermelho,configuração semafórica,Constante que não fecha o ciclo com os demais tempos do estágio D.,s,16,,D / Pedestres,fonte=35; residual aritmético=110; ciclo=130,programa indisponível sem esclarecimento,anomalies[].kind=red_cycle_mismatch,Registrar divergência; não substituir pelo residual calculado.,não resolvido,alta na inconsistência aritmética,R115/R116/R117 não têm fórmula. Solicitar à SETTRAN confirmação do campo e do comportamento pedestre; componente dependente: compilação do plano.,
RondonNorte.xlsx,Plan1!O117:S117,Av. Rondon Pacheco x Rua Niterói,Vermelho,configuração semafórica,Constante que não fecha o ciclo com os demais tempos do estágio D.,s,24,,D / Pedestres,fonte=29; residual aritmético=130; ciclo=150,programa indisponível sem esclarecimento,anomalies[].kind=red_cycle_mismatch,Registrar divergência; não substituir pelo residual calculado.,não resolvido,alta na inconsistência aritmética,R115/R116/R117 não têm fórmula. Solicitar à SETTRAN confirmação do campo e do comportamento pedestre; componente dependente: compilação do plano.,
RondonNorte.xlsx,Plan1!A144 versus B158,Av. Rondon Pacheco x Av. Anselmo Alves do Nascimento,Identificação do cruzamento / FASES,configuração semafórica,Nomes conflitantes da via transversal no mesmo bloco.,,,,,Cabeçalho: Av. Anselmo Alves do Nascimento; estágio C: Av. Anselmo Alves dos Santos,,anomalies[].kind=intersection_name_mismatch,Preservar ambas as grafias; confirmar identidade com cadastro oficial.,não resolvido,alta na divergência,Não normalizar automaticamente Nascimento para Santos apenas por similaridade.,
RondonNorte.xlsx,Plan1!A1:S158; workbook.xml; partes relacionadas,,Agenda ausente,lacuna crítica,"Nenhuma faixa horária, dia da semana ou vínculo horário→plano fornecido.",,,,,ausente,ativação temporal de programas indisponível,schedule (null nesta fonte),"Solicitar agenda oficial com início/fim, planos por interseção e regra de repetição.",não resolvido,alta na extração; sem confirmação SUMO,"Impede operação contextual por horário e seleção automática. Um teste de plano fixo explicitamente escolhido dispensa agenda; ainda exige movimentos, transições e programa SUMO comprovados. Não usar ordem das linhas ou menor plan_id para escolher plano inicial.",
RondonNorte.xlsx,Plan1!A1:S158,,Dia operacional / referência temporal ausentes,lacuna crítica,O arquivo não informa marco do início do dia operacional nem regra de virada.,,,,,ausente,,operational_day_start (null nesta fonte),"Confirmar marco oficial; depois mapear tempo decorrido SUMO ao relógio operacional, reiniciado a cada episódio.",não resolvido,alta na extração; sem confirmação SUMO,"Tempo de computador não participa. O responsável sugeriu 00:00, sem confirmação oficial; essa sugestão não foi implementada como regra. schedule, operational_day_start e initial_plan_id continuam nulos. Teste fixo explicitamente escolhido não recebe interpretação de dia operacional.",
RondonNorte.xlsx,Plan1!Identificação dos estágios/fases,,Diagrama de movimentos e grupos focais ausente,lacuna crítica,"Descrições textuais e rede permitem alguns vínculos físicos, mas não comprovam todas as retenções, permissões e transições.",,,,,ausente,connection@tl/linkIndex; phase.state,programs[].stages[].sumo_links (somente vínculos físicos confirmados); programs[].sumo_phases (null),"Obter desenho de movimentos, grupos focais, transições e referência da defasagem; conferir topologia local.",não resolvido,alta na extração; sem confirmação SUMO,"Vínculos físicos confirmados em Belém A/B/C/D, Cesário A/B/C, Porto Alegre C e Niterói A/C ficam no artefato normalizado, sem state SUMO. Componente dependente: compilação do plano fixo. Faltam grupos focais, sequência, continuidade entre grupos compartilhados e permissões; amarelos/limpeza conservados na fonte, sem concatenar estados por inferência.",
Medicoes_5_6.csv,arquivo completo,,hora_inicio/hora_fim/vlink_id/descricao_linha,metadado/proveniência,Contagens locais de duas linhas de medição; não constituem demanda da rede.,,,,,175729 registros; 2026-06-26 21:05:42 a 2026-09-16 15:55:23,,measurements.source,,confirmado,alta,Fonte no repositório: Medicoes_5_6.csv. Leitura integral CSV; SHA-256 17a0a903419733731515f9c9dd49e 84623964d6f03aa0c43594ed68be5c23c9c. Sem coordenadas nem TLS/junction SUMO. Nenhuma demanda foi gerada a partir destas observações.,
Medicoes_5_6.csv,linhas filtradas por vlink_id=5,Av. Rondon Pacheco x Rua Niterói (hipótese),vlink_id / descricao_linha,metadado/proveniência,Identificador e rótulo do ponto de observação.,,,,,5; Niterói Shoping; 87867 registros,TLS/connections não comprovados,measurements.location,"Preservar ID e rótulo; solicitar coordenadas, linhas desenhadas e sentido dos detectores.",provável,baixa; somente rótulo,Niterói é hipótese textual. Não afirmar equivalência com estágio A/B/C/D nem usar para calibrar demanda global.,
Medicoes_5_6.csv,linhas filtradas por vlink_id=6,Av. Rondon Pacheco x Rua Niterói (hipótese),vlink_id / descricao_linha,metadado/proveniência,Identificador e rótulo do ponto de observação.,,,,,6; Rondom-Niteroi->RIO; 87862 registros,TLS/connections não comprovados,measurements.location,"Preservar ID e rótulo; solicitar coordenadas, linhas desenhadas e sentido dos detectores.",provável,baixa; somente rótulo,Niterói é hipótese textual. Não afirmar equivalência com estágio A/B/C/D nem usar para calibrar demanda global.,
Medicoes_5_6.csv,todas as linhas,,hora_inicio / hora_fim,medição para validação futura,Janelas locais de observação; fuso não declarado no CSV.,s,,,,175046 janelas de 60 s; durações 2 a 12738 s; 41 durações distintas,,measurements.interval,Preservar timestamps e duração real; não tratá-las todas como minutos exatos.,confirmado,alta,Nenhuma duração não positiva; nenhum par início/fim/vlink duplicado. Não associar horários a planos sem agenda oficial.,
Medicoes_5_6.csv,todas as linhas,,car / bike / motorcycle / bus / truck / person / vehicle_total,medição para validação futura,Contagens por classes e total conforme convenção da fonte.,contagens,,,,vehicle_total=car+bus+truck em 175729/175729 linhas,,measurements.counts,Preservar classes; não interpretar vehicle_total como soma incluindo motorcycle/bike/person.,confirmado,alta na identidade aritmética,Convenção de total requer descrição do coletor antes de comparação científica. Cobertura espacial limitada; não extrapolar nem construir OD.,
Medicoes_5_6.csv,todas as linhas,,speed_pxm / speed_pxm_max,medição para validação futura,Campos de velocidade sem valores úteis observados.,,,,,ambos zero nas 175729 linhas,,measurements.raw_speed,"Preservar campo bruto; solicitar definição, unidade e calibração do coletor.",não resolvido,alta nos valores; unidade não comprovada,"Nome sugere pixels, mas não prova unidade. Zero não demonstra tráfego parado; não comparar diretamente com m/s SUMO.",
Prefeitura de Uberlândia; OpenStreetMap; rede SUMO atual,Publicação municipal 10/06/2020; OSM 338664406; rede XML,Av. Rondon Pacheco x Rua Rio de Janeiro,Cruzamento com semáforo/botoeira,configuração estrutural,Semáforo real documentado dentro do trecho modelado; não consta da planilha de planos fornecida.,,,,,local -18.89828755 / -48.25762201,TLS FAM_RONDON_RIO_DE_JANEIRO; oito links veiculares; duas travessias,infraestrutura (verificação inversa; nenhum plano inventado),Infraestrutura geral corrigida; obter os planos reais antes de integração SETTRAN.,CONFIRMADA,alta na existência/localização,Controle físico real reconstituído na rede geral com referência O/o e links pedestres. Não há plano SETTRAN no arquivo fornecido; não foi criada programação real. Fonte municipal: https://www.uberlandia.mg.gov.br/2020/06/10/mais-de-350-semaforos-ja-contam-com-botoeiras-para-travessia-de-pedestres/,CONTROLE FÍSICO PRESENTE; SEM PLANO SETTRAN
Prefeitura de Uberlândia; OpenStreetMap; rede SUMO atual,Publicação municipal11/06/2025; croqui SETTRAN/Divulgação; rede XML,Av. Rondon Pacheco em frente ao 5º Batalhão de Bombeiros (imediações de Paraná),Dois semáforos na porta do Batalhão,lacuna de infraestrutura,"Sinais normalmente abertos, acionados em emergência; não são um novo plano de demanda ou controlador implementado.",,,,,dois sinais; quatro retas em cada pista; abertura exclusiva emergency,TLS FAM_RONDON_BATALHAO_7962385968 (4 retas) e FAM_RONDON_BATALHAO_7962499397 (4 retas); retorno ±853694507 reservado a emergency,infraestrutura (verificação inversa; cadastro operacional ausente),Obter croqui das linhas de retenção e sua relação com o controlador Paraná; não deduzir TLS por contagem de grupos focais.,CONFIRMADA,alta no posicionamento físico; acionamento emergencial não implementado,"Duas pistas com quatro retas cada, normalmente verdes; passagem do canteiro exclusiva emergency. Controle físico comum aos perfis; acionamento especial e programação SETTRAN ausentes. Prefeitura 11/06/2025: https://www.uberlandia.mg.gov.br/2025/06/11/bombeiros-terao-controle-de-sistema-de-fechamento-semaforico-nas-imediacoes-do-5o-batalhao-para-garantir-agilidade-e-seguranca-na-saida-de-viaturas/",CONTROLE FÍSICO PRESENTE; FUNÇÃO ESPECIAL SEM IMPLEMENTAÇÃO
OpenStreetMap (apoio à validação),"node13340894097; changeset181480027,17/04/2026","Av. Rondon Pacheco, entre Niterói e João Naves",crossing=traffic_signals,contexto estrutural,"Travessia no acesso de serviço do shopping, sem evidência de um TLS adicional na pista principal da Rondon.",,,,,-18.9100553 / -48.2620290,"Acesso de serviço do shopping, fora das famílias viárias atuais",infraestrutura física (pendente),Não criar TLS no eixo principal com base neste objeto; acesso fora das famílias viárias atuais.,não aplicável,"alta na localização, sem atribuição à pista principal","OSM 13340894097 situa-se no serviceway1454716652 cruzado pela cycleway1458383473, confirmado na imagem 2023. Não está na pista principal da Rondon; não é evidência de TLS faltante nesse eixo. Nenhum semáforo artificial adicionado.",FORA DO RECORTE VIÁRIO ATUAL
