cruzamento,plano,estágio,movimento_planilha,verde_s,amarelo_s,limpeza_s,ciclo_s,defasagem_planilha_s,tls_ids_confirmados,link_indices_confirmados,evidência
Av. Rondon Pacheco x Av. Benjamim Magalhães,4,A,Av. Rondon Pacheco nos dois sentidos,27,5,2,110,30,,,
Av. Rondon Pacheco x Av. Benjamim Magalhães,4,B,Av. Benjamim Magalhães,20,5,2,110,30,,,
Av. Rondon Pacheco x Av. Benjamim Magalhães,4,C,Rua Alagoas,23,5,2,110,30,,,
Av. Rondon Pacheco x Av. Benjamim Magalhães,4,D,Pedestres,15,4,0,110,30,,,
Av. Rondon Pacheco x Rua Paraná,4,A,Av. Rondon Pacheco sentido Rio Uberabinha,36,3,2,110,20,,,
Av. Rondon Pacheco x Rua Paraná,4,B,Av. Rondon Pacheco sentido BR050,22,3,2,110,20,,,
Av. Rondon Pacheco x Rua Paraná,4,C,Rua Paraná sentido bairro Tibery,16,3,2,110,20,,,
Av. Rondon Pacheco x Rua Paraná,4,D,Rua Paraná sentido bairro Brasil,16,3,2,110,20,,,
Av. Cesário Alvin x Rua Paraná,4,A,Av. Cesário Alvin,23,5,17,110,80,,,
Av. Cesário Alvin x Rua Paraná,4,B,Rua Paraná sentido bairro Tibery,26,5,2,110,80,,,
Av. Cesário Alvin x Rua Paraná,4,C,Rua Paraná sentido bairro Brasil,25,5,2,110,80,,,
Av. Rondon Pacheco x Rua Porto Alegre,4,A,Av. Rondon Pacheco sentido BR050 e conversão à esquerda,15,3,2,110,75,,,
Av. Rondon Pacheco x Rua Porto Alegre,4,B,Av. Rondon Pacheco nos dois sentidos,31,3,2,110,75,,,
Av. Rondon Pacheco x Rua Porto Alegre,4,C,Rua Porto Alegre,30,3,2,110,75,,,
Av. Rondon Pacheco x Rua Porto Alegre,4,D,Pedestres,15,4,0,110,75,,,
Av. Rondon Pacheco x Rua Belém,4,A,Av. Rondon Pacheco sentido BR050,15,3,2,110,75,,,
Av. Rondon Pacheco x Rua Belém,4,B,Av. Rondon Pacheco nos dois sentidos,30,3,2,110,75,,,
Av. Rondon Pacheco x Rua Belém,4,C,Av. Rondon Pacheco sentido centro,15,3,2,110,75,,,
Av. Rondon Pacheco x Rua Belém,4,D,Rua Belém,30,3,2,110,75,,,
Av. Rondon Pacheco x Rua Antônio Crescêncio,4,A,Av. Rondon Pacheco sentido centro,15,3,2,110,20,,,
Av. Rondon Pacheco x Rua Antônio Crescêncio,4,B,Av. Rondon Pacheco nos dois sentidos,30,3,2,110,20,,,
Av. Rondon Pacheco x Rua Antônio Crescêncio,4,C,Av. Rondon Pacheco sentido BR050,15,3,2,110,20,,,
Av. Rondon Pacheco x Rua Antônio Crescêncio,4,D,Rua Antônio Crescêncio,30,3,2,110,20,,,
Av. Rondon Pacheco x Rua Niterói,4,A,Av. Rondon Pacheco sentido centro e conversão à esquerda,15,3,2,110,20,,,
Av. Rondon Pacheco x Rua Niterói,4,B,Av. Rondon Pacheco nos dois sentidos,40,3,2,110,20,,,
Av. Rondon Pacheco x Rua Niterói,4,C,Rua Niterói,20,3,2,110,20,,,
Av. Rondon Pacheco x Rua Niterói,4,D,Pedestres,15,3,2,110,20,,,
Av. Rondon Pacheco x Av. João Naves de Ávila,4,A,Av. Rondon Pacheco sentido centro,43,5,7,110,0,,,
Av. Rondon Pacheco x Av. João Naves de Ávila,4,B,Av. Rondon Pacheco sentido BR050,43,5,7,110,0,,,
Av. Rondon Pacheco x Av. Anselmo Alves do Nascimento,4,A,Av. Rondon Pacheco sentido Rio Uberabinha,13,5,2,110,80,,,
Av. Rondon Pacheco x Av. Anselmo Alves do Nascimento,4,B,Av. Rondon Pacheco nos dois sentidos,48,5,2,110,80,,,
Av. Rondon Pacheco x Av. Anselmo Alves do Nascimento,4,C,Av. Anselmo Alves dos Santos,28,5,2,110,80,,,
