tls_id,link_index,from_lane,to_lane,phase_index,duration_s,state
FAM_RONDON_BENJAMIM,9,1156717163#3_0,1156272395#1_0,0,1.0,O
FAM_RONDON_BENJAMIM,10,1156717163#3_0,1156272391#0_0,0,1.0,O
FAM_RONDON_BENJAMIM,11,1156717163#3_1,1156272391#0_1,0,1.0,O
FAM_RONDON_BENJAMIM,12,1156717163#3_2,1156272391#0_2,0,1.0,O
FAM_RONDON_BENJAMIM,13,1156717163#3_3,1156272391#0_3,0,1.0,O
FAM_RONDON_BENJAMIM,14,1156717163#3_3,1156272393#0_3,0,1.0,o
FAM_RONDON_BENJAMIM,0,152937136#3_0,1156272393#0_0,0,1.0,O
FAM_RONDON_BENJAMIM,1,152937136#3_1,1156272393#0_1,0,1.0,O
FAM_RONDON_BENJAMIM,2,152937136#3_2,1156272393#0_2,0,1.0,O
FAM_RONDON_BENJAMIM,3,152937136#3_3,1156272393#0_3,0,1.0,O
FAM_RONDON_BENJAMIM,4,152937136#3_3,1156272395#1_0,0,1.0,o
FAM_RONDON_BENJAMIM,5,152937136#3_3,1156272391#0_3,0,1.0,o
FAM_RONDON_BENJAMIM,6,666324302#5_0,1156272391#0_0,0,1.0,o
FAM_RONDON_BENJAMIM,7,666324302#5_0,1156272393#0_3,0,1.0,o
FAM_RONDON_BENJAMIM,8,666324302#5_0,1156272395#1_0,0,1.0,o
FAM_RONDON_BENJAMIM,15,853751181#0_0,1156272393#0_0,0,1.0,o
FAM_RONDON_BENJAMIM,16,853751181#0_0,1156272395#1_0,0,1.0,o
FAM_RONDON_BENJAMIM,17,853751181#0_0,1156272391#0_3,0,1.0,o
FAM_RONDON_BENJAMIM,23,:FAM_RONDON_BENJAMIM_JUNCTION_w0_0,:FAM_RONDON_BENJAMIM_JUNCTION_c5_0,0,1.0,r
FAM_RONDON_BENJAMIM,19,:FAM_RONDON_BENJAMIM_JUNCTION_w1_0,:FAM_RONDON_BENJAMIM_JUNCTION_c1_0,0,1.0,r
FAM_RONDON_BENJAMIM,20,:FAM_RONDON_BENJAMIM_JUNCTION_w2_0,:FAM_RONDON_BENJAMIM_JUNCTION_c2_0,0,1.0,r
FAM_RONDON_BENJAMIM,21,:FAM_RONDON_BENJAMIM_JUNCTION_w3_0,:FAM_RONDON_BENJAMIM_JUNCTION_c3_0,0,1.0,r
FAM_RONDON_BENJAMIM,22,:FAM_RONDON_BENJAMIM_JUNCTION_w4_0,:FAM_RONDON_BENJAMIM_JUNCTION_c4_0,0,1.0,r
FAM_RONDON_BENJAMIM,18,:FAM_RONDON_BENJAMIM_JUNCTION_w5_0,:FAM_RONDON_BENJAMIM_JUNCTION_c0_0,0,1.0,r
FAM_RONDON_PARANA,0,1156272393#6_0,1156272393#7_0,0,41.0,G
FAM_RONDON_PARANA,0,1156272393#6_0,1156272393#7_0,1,3.0,y
FAM_RONDON_PARANA,0,1156272393#6_0,1156272393#7_0,2,1.0,r
FAM_RONDON_PARANA,0,1156272393#6_0,1156272393#7_0,3,41.0,r
FAM_RONDON_PARANA,0,1156272393#6_0,1156272393#7_0,4,3.0,r
FAM_RONDON_PARANA,0,1156272393#6_0,1156272393#7_0,5,1.0,r
FAM_RONDON_PARANA,1,1156272393#6_1,1156272393#7_1,0,41.0,G
FAM_RONDON_PARANA,1,1156272393#6_1,1156272393#7_1,1,3.0,y
FAM_RONDON_PARANA,1,1156272393#6_1,1156272393#7_1,2,1.0,r
FAM_RONDON_PARANA,1,1156272393#6_1,1156272393#7_1,3,41.0,r
FAM_RONDON_PARANA,1,1156272393#6_1,1156272393#7_1,4,3.0,r
FAM_RONDON_PARANA,1,1156272393#6_1,1156272393#7_1,5,1.0,r
FAM_RONDON_PARANA,2,1156272393#6_2,1156272393#7_2,0,41.0,G
FAM_RONDON_PARANA,2,1156272393#6_2,1156272393#7_2,1,3.0,y
FAM_RONDON_PARANA,2,1156272393#6_2,1156272393#7_2,2,1.0,r
FAM_RONDON_PARANA,2,1156272393#6_2,1156272393#7_2,3,41.0,r
FAM_RONDON_PARANA,2,1156272393#6_2,1156272393#7_2,4,3.0,r
FAM_RONDON_PARANA,2,1156272393#6_2,1156272393#7_2,5,1.0,r
FAM_RONDON_PARANA,3,1156272393#6_3,1156272393#7_3,0,41.0,G
FAM_RONDON_PARANA,3,1156272393#6_3,1156272393#7_3,1,3.0,y
FAM_RONDON_PARANA,3,1156272393#6_3,1156272393#7_3,2,1.0,r
FAM_RONDON_PARANA,3,1156272393#6_3,1156272393#7_3,3,41.0,r
FAM_RONDON_PARANA,3,1156272393#6_3,1156272393#7_3,4,3.0,r
FAM_RONDON_PARANA,3,1156272393#6_3,1156272393#7_3,5,1.0,r
FAM_RONDON_PARANA,5,1156717168_0,331577756#0_0,0,41.0,r
FAM_RONDON_PARANA,5,1156717168_0,331577756#0_0,1,3.0,r
FAM_RONDON_PARANA,5,1156717168_0,331577756#0_0,2,1.0,r
FAM_RONDON_PARANA,5,1156717168_0,331577756#0_0,3,41.0,G
FAM_RONDON_PARANA,5,1156717168_0,331577756#0_0,4,3.0,y
FAM_RONDON_PARANA,5,1156717168_0,331577756#0_0,5,1.0,r
FAM_RONDON_PARANA,6,1156717168_1,331577756#0_1,0,41.0,r
FAM_RONDON_PARANA,6,1156717168_1,331577756#0_1,1,3.0,r
FAM_RONDON_PARANA,6,1156717168_1,331577756#0_1,2,1.0,r
FAM_RONDON_PARANA,6,1156717168_1,331577756#0_1,3,41.0,G
FAM_RONDON_PARANA,6,1156717168_1,331577756#0_1,4,3.0,y
FAM_RONDON_PARANA,6,1156717168_1,331577756#0_1,5,1.0,r
FAM_RONDON_PARANA,7,1156717173#4_0,1156717173#5_0,0,41.0,G
FAM_RONDON_PARANA,7,1156717173#4_0,1156717173#5_0,1,3.0,y
FAM_RONDON_PARANA,7,1156717173#4_0,1156717173#5_0,2,1.0,r
FAM_RONDON_PARANA,7,1156717173#4_0,1156717173#5_0,3,41.0,r
FAM_RONDON_PARANA,7,1156717173#4_0,1156717173#5_0,4,3.0,r
FAM_RONDON_PARANA,7,1156717173#4_0,1156717173#5_0,5,1.0,r
FAM_RONDON_PARANA,8,1156717173#4_1,1156717173#5_1,0,41.0,G
FAM_RONDON_PARANA,8,1156717173#4_1,1156717173#5_1,1,3.0,y
FAM_RONDON_PARANA,8,1156717173#4_1,1156717173#5_1,2,1.0,r
FAM_RONDON_PARANA,8,1156717173#4_1,1156717173#5_1,3,41.0,r
FAM_RONDON_PARANA,8,1156717173#4_1,1156717173#5_1,4,3.0,r
FAM_RONDON_PARANA,8,1156717173#4_1,1156717173#5_1,5,1.0,r
FAM_RONDON_PARANA,9,1156717173#4_2,1156717173#5_2,0,41.0,G
FAM_RONDON_PARANA,9,1156717173#4_2,1156717173#5_2,1,3.0,y
FAM_RONDON_PARANA,9,1156717173#4_2,1156717173#5_2,2,1.0,r
FAM_RONDON_PARANA,9,1156717173#4_2,1156717173#5_2,3,41.0,r
FAM_RONDON_PARANA,9,1156717173#4_2,1156717173#5_2,4,3.0,r
FAM_RONDON_PARANA,9,1156717173#4_2,1156717173#5_2,5,1.0,r
FAM_RONDON_PARANA,10,1156717173#4_3,1156717173#5_3,0,41.0,G
FAM_RONDON_PARANA,10,1156717173#4_3,1156717173#5_3,1,3.0,y
FAM_RONDON_PARANA,10,1156717173#4_3,1156717173#5_3,2,1.0,r
FAM_RONDON_PARANA,10,1156717173#4_3,1156717173#5_3,3,41.0,r
FAM_RONDON_PARANA,10,1156717173#4_3,1156717173#5_3,4,3.0,r
FAM_RONDON_PARANA,10,1156717173#4_3,1156717173#5_3,5,1.0,r
FAM_RONDON_PARANA,4,901328279#0_0,901328279#1_0,0,41.0,r
FAM_RONDON_PARANA,4,901328279#0_0,901328279#1_0,1,3.0,r
FAM_RONDON_PARANA,4,901328279#0_0,901328279#1_0,2,1.0,r
FAM_RONDON_PARANA,4,901328279#0_0,901328279#1_0,3,41.0,G
FAM_RONDON_PARANA,4,901328279#0_0,901328279#1_0,4,3.0,y
FAM_RONDON_PARANA,4,901328279#0_0,901328279#1_0,5,1.0,r
FAM_RONDON_PARANA,11,:3386573294_w1_0,:3386573294_c0_0,0,41.0,r
FAM_RONDON_PARANA,11,:3386573294_w1_0,:3386573294_c0_0,1,3.0,r
FAM_RONDON_PARANA,11,:3386573294_w1_0,:3386573294_c0_0,2,1.0,r
FAM_RONDON_PARANA,11,:3386573294_w1_0,:3386573294_c0_0,3,41.0,r
FAM_RONDON_PARANA,11,:3386573294_w1_0,:3386573294_c0_0,4,3.0,r
FAM_RONDON_PARANA,11,:3386573294_w1_0,:3386573294_c0_0,5,1.0,r
FAM_RONDON_PARANA,12,:3386573296_w1_0,:3386573296_c0_0,0,41.0,r
FAM_RONDON_PARANA,12,:3386573296_w1_0,:3386573296_c0_0,1,3.0,r
FAM_RONDON_PARANA,12,:3386573296_w1_0,:3386573296_c0_0,2,1.0,r
FAM_RONDON_PARANA,12,:3386573296_w1_0,:3386573296_c0_0,3,41.0,r
FAM_RONDON_PARANA,12,:3386573296_w1_0,:3386573296_c0_0,4,3.0,r
FAM_RONDON_PARANA,12,:3386573296_w1_0,:3386573296_c0_0,5,1.0,r
FAM_RONDON_PARANA,13,:3386573297_w1_0,:3386573297_c0_0,0,41.0,r
FAM_RONDON_PARANA,13,:3386573297_w1_0,:3386573297_c0_0,1,3.0,r
FAM_RONDON_PARANA,13,:3386573297_w1_0,:3386573297_c0_0,2,1.0,r
FAM_RONDON_PARANA,13,:3386573297_w1_0,:3386573297_c0_0,3,41.0,r
FAM_RONDON_PARANA,13,:3386573297_w1_0,:3386573297_c0_0,4,3.0,r
FAM_RONDON_PARANA,13,:3386573297_w1_0,:3386573297_c0_0,5,1.0,r
FAM_RONDON_PARANA,14,:3386573298_w1_0,:3386573298_c0_0,0,41.0,r
FAM_RONDON_PARANA,14,:3386573298_w1_0,:3386573298_c0_0,1,3.0,r
FAM_RONDON_PARANA,14,:3386573298_w1_0,:3386573298_c0_0,2,1.0,r
FAM_RONDON_PARANA,14,:3386573298_w1_0,:3386573298_c0_0,3,41.0,r
FAM_RONDON_PARANA,14,:3386573298_w1_0,:3386573298_c0_0,4,3.0,r
FAM_RONDON_PARANA,14,:3386573298_w1_0,:3386573298_c0_0,5,1.0,r
FAM_CESARIO_PARANA,0,154252437#1_0,665897572_0,0,1.0,o
FAM_CESARIO_PARANA,1,602306713#21_0,901328279#0_0,0,1.0,o
FAM_CESARIO_PARANA,2,602306713#21_0,665897572_0,0,1.0,o
FAM_CESARIO_PARANA,3,665897556#1_0,901328279#0_0,0,1.0,o
FAM_CESARIO_PARANA,4,665897556#1_0,665897572_0,0,1.0,o
FAM_CESARIO_PARANA,5,:FAM_CESARIO_PARANA_JUNCTION_w1_0,:FAM_CESARIO_PARANA_JUNCTION_c0_0,0,1.0,r
FAM_CESARIO_PARANA,6,:FAM_CESARIO_PARANA_JUNCTION_w3_0,:FAM_CESARIO_PARANA_JUNCTION_c1_0,0,1.0,r
FAM_CESARIO_PARANA,7,:FAM_CESARIO_PARANA_JUNCTION_w4_0,:FAM_CESARIO_PARANA_JUNCTION_c2_0,0,1.0,r
FAM_RONDON_PORTO_ALEGRE,0,299471494#2_0,1156717170#0_0,0,1.0,O
FAM_RONDON_PORTO_ALEGRE,1,299471494#2_1,1156717170#0_1,0,1.0,O
FAM_RONDON_PORTO_ALEGRE,2,299471494#2_1,1156717171_0,0,1.0,O
FAM_RONDON_PORTO_ALEGRE,3,30664532#2_0,1156717170#0_0,0,1.0,o
FAM_RONDON_PORTO_ALEGRE,4,30664532#2_0,1156717171_0,0,1.0,o
FAM_RONDON_PORTO_ALEGRE,5,331577748#4_0,1156717172#0_0,0,1.0,O
FAM_RONDON_PORTO_ALEGRE,6,331577748#4_0,331577750#0_0,0,1.0,O
FAM_RONDON_PORTO_ALEGRE,7,331577748#4_1,331577750#0_1,0,1.0,O
FAM_RONDON_PORTO_ALEGRE,8,331577748#4_2,331577750#0_2,0,1.0,O
FAM_RONDON_PORTO_ALEGRE,9,331577748#4_3,331577750#0_3,0,1.0,O
FAM_RONDON_PORTO_ALEGRE,10,:2042691678_w1_0,:2042691678_c0_0,0,1.0,r
FAM_RONDON_PORTO_ALEGRE,11,:339121007_w1_0,:339121007_c0_0,0,1.0,r
3386573305,0,331577748#2_0,331577748#3_0,0,81.0,G
3386573305,0,331577748#2_0,331577748#3_0,1,4.0,y
3386573305,0,331577748#2_0,331577748#3_0,2,5.0,r
3386573305,1,331577748#2_1,331577748#3_1,0,81.0,G
3386573305,1,331577748#2_1,331577748#3_1,1,4.0,y
3386573305,1,331577748#2_1,331577748#3_1,2,5.0,r
3386573305,2,331577748#2_2,331577748#3_2,0,81.0,G
3386573305,2,331577748#2_2,331577748#3_2,1,4.0,y
3386573305,2,331577748#2_2,331577748#3_2,2,5.0,r
3386573305,3,331577748#2_3,331577748#3_3,0,81.0,G
3386573305,3,331577748#2_3,331577748#3_3,1,4.0,y
3386573305,3,331577748#2_3,331577748#3_3,2,5.0,r
3386573305,4,:3386573305_w0_0,:3386573305_c0_0,0,81.0,r
3386573305,4,:3386573305_w0_0,:3386573305_c0_0,1,4.0,r
3386573305,4,:3386573305_w0_0,:3386573305_c0_0,2,5.0,r
3386573306,0,299471494#1_0,299471494#2_0,0,81.0,G
3386573306,0,299471494#1_0,299471494#2_0,1,4.0,y
3386573306,0,299471494#1_0,299471494#2_0,2,5.0,r
3386573306,1,299471494#1_1,299471494#2_1,0,81.0,G
3386573306,1,299471494#1_1,299471494#2_1,1,4.0,y
3386573306,1,299471494#1_1,299471494#2_1,2,5.0,r
3386573306,2,:3386573306_w1_0,:3386573306_c0_0,0,81.0,r
3386573306,2,:3386573306_w1_0,:3386573306_c0_0,1,4.0,r
3386573306,2,:3386573306_w1_0,:3386573306_c0_0,2,5.0,r
5494111603,0,1156717170#0_0,1156717170#1_0,0,81.0,G
5494111603,0,1156717170#0_0,1156717170#1_0,1,4.0,y
5494111603,0,1156717170#0_0,1156717170#1_0,2,5.0,r
5494111603,1,1156717170#0_1,1156717170#1_1,0,81.0,G
5494111603,1,1156717170#0_1,1156717170#1_1,1,4.0,y
5494111603,1,1156717170#0_1,1156717170#1_1,2,5.0,r
5494111603,2,:5494111603_w1_0,:5494111603_c0_0,0,81.0,r
5494111603,2,:5494111603_w1_0,:5494111603_c0_0,1,4.0,r
5494111603,2,:5494111603_w1_0,:5494111603_c0_0,2,5.0,r
FAM_RONDON_BELEM,0,331577750#1_0,965367672#0_0,0,1.0,O
FAM_RONDON_BELEM,1,331577750#1_1,965367672#0_1,0,1.0,O
FAM_RONDON_BELEM,2,331577750#1_2,965367672#0_2,0,1.0,O
FAM_RONDON_BELEM,3,331577750#1_3,965367672#0_3,0,1.0,O
FAM_RONDON_BELEM,4,576876311#3_0,274995593#0_0,0,1.0,O
FAM_RONDON_BELEM,5,576876311#3_1,299471494#0_0,0,1.0,O
FAM_RONDON_BELEM,6,576876311#3_2,299471494#0_1,0,1.0,O
FAM_RONDON_BELEM,7,965367673#0_0,965367672#0_0,0,1.0,o
FAM_RONDON_BELEM,8,965367673#0_0,965367672#0_1,0,1.0,o
FAM_RONDON_BELEM,9,965367673#0_0,965367671_0,0,1.0,o
FAM_RONDON_ROTARY_CLUB,0,463014795#0_0,463014795#1_0,0,41.0,G
FAM_RONDON_ROTARY_CLUB,0,463014795#0_0,463014795#1_0,1,3.0,y
FAM_RONDON_ROTARY_CLUB,0,463014795#0_0,463014795#1_0,2,1.0,r
FAM_RONDON_ROTARY_CLUB,0,463014795#0_0,463014795#1_0,3,41.0,r
FAM_RONDON_ROTARY_CLUB,0,463014795#0_0,463014795#1_0,4,3.0,r
FAM_RONDON_ROTARY_CLUB,0,463014795#0_0,463014795#1_0,5,1.0,r
FAM_RONDON_ROTARY_CLUB,1,930831033#0_0,930831033#1_0,0,41.0,r
FAM_RONDON_ROTARY_CLUB,1,930831033#0_0,930831033#1_0,1,3.0,r
FAM_RONDON_ROTARY_CLUB,1,930831033#0_0,930831033#1_0,2,1.0,r
FAM_RONDON_ROTARY_CLUB,1,930831033#0_0,930831033#1_0,3,41.0,G
FAM_RONDON_ROTARY_CLUB,1,930831033#0_0,930831033#1_0,4,3.0,y
FAM_RONDON_ROTARY_CLUB,1,930831033#0_0,930831033#1_0,5,1.0,r
FAM_RONDON_ROTARY_CLUB,2,930831033#0_1,930831033#1_1,0,41.0,r
FAM_RONDON_ROTARY_CLUB,2,930831033#0_1,930831033#1_1,1,3.0,r
FAM_RONDON_ROTARY_CLUB,2,930831033#0_1,930831033#1_1,2,1.0,r
FAM_RONDON_ROTARY_CLUB,2,930831033#0_1,930831033#1_1,3,41.0,G
FAM_RONDON_ROTARY_CLUB,2,930831033#0_1,930831033#1_1,4,3.0,y
FAM_RONDON_ROTARY_CLUB,2,930831033#0_1,930831033#1_1,5,1.0,r
FAM_RONDON_ROTARY_CLUB,3,930831033#0_2,930831033#1_2,0,41.0,r
FAM_RONDON_ROTARY_CLUB,3,930831033#0_2,930831033#1_2,1,3.0,r
FAM_RONDON_ROTARY_CLUB,3,930831033#0_2,930831033#1_2,2,1.0,r
FAM_RONDON_ROTARY_CLUB,3,930831033#0_2,930831033#1_2,3,41.0,G
FAM_RONDON_ROTARY_CLUB,3,930831033#0_2,930831033#1_2,4,3.0,y
FAM_RONDON_ROTARY_CLUB,3,930831033#0_2,930831033#1_2,5,1.0,r
FAM_RONDON_ROTARY_CLUB,4,930831033#0_3,930831033#1_3,0,41.0,r
FAM_RONDON_ROTARY_CLUB,4,930831033#0_3,930831033#1_3,1,3.0,r
FAM_RONDON_ROTARY_CLUB,4,930831033#0_3,930831033#1_3,2,1.0,r
FAM_RONDON_ROTARY_CLUB,4,930831033#0_3,930831033#1_3,3,41.0,G
FAM_RONDON_ROTARY_CLUB,4,930831033#0_3,930831033#1_3,4,3.0,y
FAM_RONDON_ROTARY_CLUB,4,930831033#0_3,930831033#1_3,5,1.0,r
FAM_RONDON_ROTARY_CLUB,5,965367672#2_0,965367672#3_0,0,41.0,r
FAM_RONDON_ROTARY_CLUB,5,965367672#2_0,965367672#3_0,1,3.0,r
FAM_RONDON_ROTARY_CLUB,5,965367672#2_0,965367672#3_0,2,1.0,r
FAM_RONDON_ROTARY_CLUB,5,965367672#2_0,965367672#3_0,3,41.0,G
FAM_RONDON_ROTARY_CLUB,5,965367672#2_0,965367672#3_0,4,3.0,y
FAM_RONDON_ROTARY_CLUB,5,965367672#2_0,965367672#3_0,5,1.0,r
FAM_RONDON_ROTARY_CLUB,6,965367672#2_1,965367672#3_1,0,41.0,r
FAM_RONDON_ROTARY_CLUB,6,965367672#2_1,965367672#3_1,1,3.0,r
FAM_RONDON_ROTARY_CLUB,6,965367672#2_1,965367672#3_1,2,1.0,r
FAM_RONDON_ROTARY_CLUB,6,965367672#2_1,965367672#3_1,3,41.0,G
FAM_RONDON_ROTARY_CLUB,6,965367672#2_1,965367672#3_1,4,3.0,y
FAM_RONDON_ROTARY_CLUB,6,965367672#2_1,965367672#3_1,5,1.0,r
FAM_RONDON_ROTARY_CLUB,7,965367672#2_2,965367672#3_2,0,41.0,r
FAM_RONDON_ROTARY_CLUB,7,965367672#2_2,965367672#3_2,1,3.0,r
FAM_RONDON_ROTARY_CLUB,7,965367672#2_2,965367672#3_2,2,1.0,r
FAM_RONDON_ROTARY_CLUB,7,965367672#2_2,965367672#3_2,3,41.0,G
FAM_RONDON_ROTARY_CLUB,7,965367672#2_2,965367672#3_2,4,3.0,y
FAM_RONDON_ROTARY_CLUB,7,965367672#2_2,965367672#3_2,5,1.0,r
FAM_RONDON_ROTARY_CLUB,8,965367672#2_3,965367672#3_3,0,41.0,r
FAM_RONDON_ROTARY_CLUB,8,965367672#2_3,965367672#3_3,1,3.0,r
FAM_RONDON_ROTARY_CLUB,8,965367672#2_3,965367672#3_3,2,1.0,r
FAM_RONDON_ROTARY_CLUB,8,965367672#2_3,965367672#3_3,3,41.0,G
FAM_RONDON_ROTARY_CLUB,8,965367672#2_3,965367672#3_3,4,3.0,y
FAM_RONDON_ROTARY_CLUB,8,965367672#2_3,965367672#3_3,5,1.0,r
FAM_RONDON_ROTARY_CLUB,9,:8622218071_w1_0,:8622218071_c0_0,0,41.0,r
FAM_RONDON_ROTARY_CLUB,9,:8622218071_w1_0,:8622218071_c0_0,1,3.0,r
FAM_RONDON_ROTARY_CLUB,9,:8622218071_w1_0,:8622218071_c0_0,2,1.0,r
FAM_RONDON_ROTARY_CLUB,9,:8622218071_w1_0,:8622218071_c0_0,3,41.0,r
FAM_RONDON_ROTARY_CLUB,9,:8622218071_w1_0,:8622218071_c0_0,4,3.0,r
FAM_RONDON_ROTARY_CLUB,9,:8622218071_w1_0,:8622218071_c0_0,5,1.0,r
FAM_RONDON_ROTARY_CLUB,10,:8622218072_w1_0,:8622218072_c0_0,0,41.0,r
FAM_RONDON_ROTARY_CLUB,10,:8622218072_w1_0,:8622218072_c0_0,1,3.0,r
FAM_RONDON_ROTARY_CLUB,10,:8622218072_w1_0,:8622218072_c0_0,2,1.0,r
FAM_RONDON_ROTARY_CLUB,10,:8622218072_w1_0,:8622218072_c0_0,3,41.0,r
FAM_RONDON_ROTARY_CLUB,10,:8622218072_w1_0,:8622218072_c0_0,4,3.0,r
FAM_RONDON_ROTARY_CLUB,10,:8622218072_w1_0,:8622218072_c0_0,5,1.0,r
FAM_RONDON_ROTARY_CLUB,11,:8622218073_w0_0,:8622218073_c0_0,0,41.0,r
FAM_RONDON_ROTARY_CLUB,11,:8622218073_w0_0,:8622218073_c0_0,1,3.0,r
FAM_RONDON_ROTARY_CLUB,11,:8622218073_w0_0,:8622218073_c0_0,2,1.0,r
FAM_RONDON_ROTARY_CLUB,11,:8622218073_w0_0,:8622218073_c0_0,3,41.0,r
FAM_RONDON_ROTARY_CLUB,11,:8622218073_w0_0,:8622218073_c0_0,4,3.0,r
FAM_RONDON_ROTARY_CLUB,11,:8622218073_w0_0,:8622218073_c0_0,5,1.0,r
FAM_RONDON_NITEROI,12,30622933#11_0,1156717175#0_0,0,1.0,o
FAM_RONDON_NITEROI,13,30622933#11_0,1156717175#0_1,0,1.0,o
FAM_RONDON_NITEROI,14,30622933#11_0,1156717177#0_0,0,1.0,o
FAM_RONDON_NITEROI,15,30622933#11_0,1156717176_2,0,1.0,o
FAM_RONDON_NITEROI,16,30622933#11_0,1156717176_3,0,1.0,o
FAM_RONDON_NITEROI,7,930831032#1_0,1156717177#0_0,0,1.0,o
FAM_RONDON_NITEROI,8,930831032#1_0,1156717176_0,0,1.0,O
FAM_RONDON_NITEROI,9,930831032#1_1,1156717176_1,0,1.0,O
FAM_RONDON_NITEROI,10,930831032#1_2,1156717176_2,0,1.0,O
FAM_RONDON_NITEROI,11,930831032#1_3,1156717176_3,0,1.0,O
FAM_RONDON_NITEROI,0,931572689_0,1156717175#0_0,0,1.0,O
FAM_RONDON_NITEROI,1,931572689_1,1156717175#0_1,0,1.0,O
FAM_RONDON_NITEROI,2,931572689_2,1156717175#0_2,0,1.0,O
FAM_RONDON_NITEROI,3,931572689_3,1156717175#0_3,0,1.0,O
FAM_RONDON_NITEROI,4,931572689_3,1156717177#0_0,0,1.0,o
FAM_RONDON_NITEROI,5,931572689_3,1156717176_2,0,1.0,o
FAM_RONDON_NITEROI,6,931572689_3,1156717176_3,0,1.0,o
FAM_RONDON_NITEROI,17,:FAM_RONDON_NITEROI_JUNCTION_w1_0,:FAM_RONDON_NITEROI_JUNCTION_c0_0,0,1.0,r
FAM_RONDON_NITEROI,18,:FAM_RONDON_NITEROI_JUNCTION_w3_0,:FAM_RONDON_NITEROI_JUNCTION_c1_0,0,1.0,r
5494111596,0,1156717175#0_0,1156717175#1_0,0,81.0,G
5494111596,0,1156717175#0_0,1156717175#1_0,1,4.0,y
5494111596,0,1156717175#0_0,1156717175#1_0,2,5.0,r
5494111596,1,1156717175#0_1,1156717175#1_1,0,81.0,G
5494111596,1,1156717175#0_1,1156717175#1_1,1,4.0,y
5494111596,1,1156717175#0_1,1156717175#1_1,2,5.0,r
5494111596,2,1156717175#0_2,1156717175#1_2,0,81.0,G
5494111596,2,1156717175#0_2,1156717175#1_2,1,4.0,y
5494111596,2,1156717175#0_2,1156717175#1_2,2,5.0,r
5494111596,3,1156717175#0_3,1156717175#1_3,0,81.0,G
5494111596,3,1156717175#0_3,1156717175#1_3,1,4.0,y
5494111596,3,1156717175#0_3,1156717175#1_3,2,5.0,r
5494111596,4,:5494111596_w0_0,:5494111596_c0_0,0,81.0,r
5494111596,4,:5494111596_w0_0,:5494111596_c0_0,1,4.0,r
5494111596,4,:5494111596_w0_0,:5494111596_c0_0,2,5.0,r
5494111597,0,930831032#0_0,930831032#1_0,0,79.0,G
5494111597,0,930831032#0_0,930831032#1_0,1,6.0,y
5494111597,0,930831032#0_0,930831032#1_0,2,5.0,r
5494111597,1,930831032#0_1,930831032#1_1,0,79.0,G
5494111597,1,930831032#0_1,930831032#1_1,1,6.0,y
5494111597,1,930831032#0_1,930831032#1_1,2,5.0,r
5494111597,2,930831032#0_2,930831032#1_2,0,79.0,G
5494111597,2,930831032#0_2,930831032#1_2,1,6.0,y
5494111597,2,930831032#0_2,930831032#1_2,2,5.0,r
5494111597,3,930831032#0_3,930831032#1_3,0,79.0,G
5494111597,3,930831032#0_3,930831032#1_3,1,6.0,y
5494111597,3,930831032#0_3,930831032#1_3,2,5.0,r
5494111597,4,:5494111597_w1_0,:5494111597_c0_0,0,79.0,r
5494111597,4,:5494111597_w1_0,:5494111597_c0_0,1,6.0,r
5494111597,4,:5494111597_w1_0,:5494111597_c0_0,2,5.0,r
5494111589,0,576014290#0_0,576014290#1_0,0,79.0,G
5494111589,0,576014290#0_0,576014290#1_0,1,6.0,y
5494111589,0,576014290#0_0,576014290#1_0,2,5.0,r
5494111589,1,576014290#0_1,576014290#1_1,0,79.0,G
5494111589,1,576014290#0_1,576014290#1_1,1,6.0,y
5494111589,1,576014290#0_1,576014290#1_1,2,5.0,r
5494111589,2,576014290#0_2,576014290#1_2,0,79.0,G
5494111589,2,576014290#0_2,576014290#1_2,1,6.0,y
5494111589,2,576014290#0_2,576014290#1_2,2,5.0,r
5494111589,3,576014290#0_3,576014290#1_3,0,79.0,G
5494111589,3,576014290#0_3,576014290#1_3,1,6.0,y
5494111589,3,576014290#0_3,576014290#1_3,2,5.0,r
5494111589,4,:5494111589_w1_0,:5494111589_c0_0,0,79.0,r
5494111589,4,:5494111589_w1_0,:5494111589_c0_0,1,6.0,r
5494111589,4,:5494111589_w1_0,:5494111589_c0_0,2,5.0,r
5494111590,0,1156717175#5_0,576014295_0,0,81.0,G
5494111590,0,1156717175#5_0,576014295_0,1,4.0,y
5494111590,0,1156717175#5_0,576014295_0,2,5.0,r
5494111590,1,1156717175#5_1,576014295_1,0,81.0,G
5494111590,1,1156717175#5_1,576014295_1,1,4.0,y
5494111590,1,1156717175#5_1,576014295_1,2,5.0,r
5494111590,2,1156717175#5_2,576014295_2,0,81.0,G
5494111590,2,1156717175#5_2,576014295_2,1,4.0,y
5494111590,2,1156717175#5_2,576014295_2,2,5.0,r
5494111590,3,1156717175#5_3,576014295_3,0,81.0,G
5494111590,3,1156717175#5_3,576014295_3,1,4.0,y
5494111590,3,1156717175#5_3,576014295_3,2,5.0,r
5494111590,4,1156717175#5_3,462993309_0,0,81.0,G
5494111590,4,1156717175#5_3,462993309_0,1,4.0,y
5494111590,4,1156717175#5_3,462993309_0,2,5.0,r
5494111590,5,:5494111590_w0_0,:5494111590_c0_0,0,81.0,r
5494111590,5,:5494111590_w0_0,:5494111590_c0_0,1,4.0,r
5494111590,5,:5494111590_w0_0,:5494111590_c0_0,2,5.0,r
5494111594,0,576014301#0_0,576014301#1_0,0,79.0,G
5494111594,0,576014301#0_0,576014301#1_0,1,6.0,y
5494111594,0,576014301#0_0,576014301#1_0,2,5.0,r
5494111594,1,576014301#0_1,576014301#1_1,0,79.0,G
5494111594,1,576014301#0_1,576014301#1_1,1,6.0,y
5494111594,1,576014301#0_1,576014301#1_1,2,5.0,r
5494111594,2,576014301#0_2,576014301#1_2,0,79.0,G
5494111594,2,576014301#0_2,576014301#1_2,1,6.0,y
5494111594,2,576014301#0_2,576014301#1_2,2,5.0,r
5494111594,3,576014301#0_3,576014301#1_3,0,79.0,G
5494111594,3,576014301#0_3,576014301#1_3,1,6.0,y
5494111594,3,576014301#0_3,576014301#1_3,2,5.0,r
5494111594,4,:5494111594_w1_0,:5494111594_c0_0,0,79.0,r
5494111594,4,:5494111594_w1_0,:5494111594_c0_0,1,6.0,r
5494111594,4,:5494111594_w1_0,:5494111594_c0_0,2,5.0,r
FAM_RONDON_ANSELMO,0,462991286_0,46711471#0_1,0,1.0,O
FAM_RONDON_ANSELMO,1,462991286_1,46711471#0_2,0,1.0,O
FAM_RONDON_ANSELMO,2,462991286_2,46711471#0_3,0,1.0,O
FAM_RONDON_ANSELMO,3,576014296#2_0,300965440_0,0,1.0,O
FAM_RONDON_ANSELMO,4,576014296#2_0,261432318_0,0,1.0,O
FAM_RONDON_ANSELMO,5,576014296#2_1,261432318_1,0,1.0,O
FAM_RONDON_ANSELMO,6,576014296#2_2,261432318_2,0,1.0,O
FAM_RONDON_ANSELMO,7,576014296#2_3,261432318_3,0,1.0,O
FAM_RONDON_ANSELMO,8,:2651934389_w0_0,:2651934389_c0_0,0,1.0,r
FAM_RONDON_ANSELMO,9,:2783757296_w1_0,:2783757296_c0_0,0,1.0,r
338654991,0,625668273#2_0,625668273#3_0,0,41.0,G
338654991,0,625668273#2_0,625668273#3_0,1,4.0,y
338654991,0,625668273#2_0,625668273#3_0,2,45.0,r
338654991,1,625668273#2_1,625668273#3_1,0,41.0,G
338654991,1,625668273#2_1,625668273#3_1,1,4.0,y
338654991,1,625668273#2_1,625668273#3_1,2,45.0,r
338654991,2,:338654991_w1_0,:338654991_c0_0,0,41.0,r
338654991,2,:338654991_w1_0,:338654991_c0_0,1,4.0,r
338654991,2,:338654991_w1_0,:338654991_c0_0,2,45.0,r
