cruzamento,tls_id,link_index,from_edge,from_lane,to_edge,to_lane,tipo,direção_SUMO,movimento_geométrico,estados_por_fase,atendimento_atual,grupo_real,estágio_real,evidência_operacional
Av. Rondon Pacheco x Av. Benjamim Magalhães,FAM_RONDON_BENJAMIM,9,1156717163#3,1156717163#3_0,1156272395#1,1156272395#1_0,veicular,r,direita,O,desligado/prioridade,,,
Av. Rondon Pacheco x Av. Benjamim Magalhães,FAM_RONDON_BENJAMIM,10,1156717163#3,1156717163#3_0,1156272391#0,1156272391#0_0,veicular,s,reto,O,desligado/prioridade,,,
Av. Rondon Pacheco x Av. Benjamim Magalhães,FAM_RONDON_BENJAMIM,11,1156717163#3,1156717163#3_1,1156272391#0,1156272391#0_1,veicular,s,reto,O,desligado/prioridade,,,
Av. Rondon Pacheco x Av. Benjamim Magalhães,FAM_RONDON_BENJAMIM,12,1156717163#3,1156717163#3_2,1156272391#0,1156272391#0_2,veicular,s,reto,O,desligado/prioridade,,,
Av. Rondon Pacheco x Av. Benjamim Magalhães,FAM_RONDON_BENJAMIM,13,1156717163#3,1156717163#3_3,1156272391#0,1156272391#0_3,veicular,s,reto,O,desligado/prioridade,,,
Av. Rondon Pacheco x Av. Benjamim Magalhães,FAM_RONDON_BENJAMIM,14,1156717163#3,1156717163#3_3,1156272393#0,1156272393#0_3,veicular,t,retorno,o,desligado/prioridade,,,
Av. Rondon Pacheco x Av. Benjamim Magalhães,FAM_RONDON_BENJAMIM,0,152937136#3,152937136#3_0,1156272393#0,1156272393#0_0,veicular,s,reto,O,desligado/prioridade,,,
Av. Rondon Pacheco x Av. Benjamim Magalhães,FAM_RONDON_BENJAMIM,1,152937136#3,152937136#3_1,1156272393#0,1156272393#0_1,veicular,s,reto,O,desligado/prioridade,,,
Av. Rondon Pacheco x Av. Benjamim Magalhães,FAM_RONDON_BENJAMIM,2,152937136#3,152937136#3_2,1156272393#0,1156272393#0_2,veicular,s,reto,O,desligado/prioridade,,,
Av. Rondon Pacheco x Av. Benjamim Magalhães,FAM_RONDON_BENJAMIM,3,152937136#3,152937136#3_3,1156272393#0,1156272393#0_3,veicular,s,reto,O,desligado/prioridade,,,
Av. Rondon Pacheco x Av. Benjamim Magalhães,FAM_RONDON_BENJAMIM,4,152937136#3,152937136#3_3,1156272395#1,1156272395#1_0,veicular,l,esquerda,o,desligado/prioridade,,,
Av. Rondon Pacheco x Av. Benjamim Magalhães,FAM_RONDON_BENJAMIM,5,152937136#3,152937136#3_3,1156272391#0,1156272391#0_3,veicular,t,retorno,o,desligado/prioridade,,,
Av. Rondon Pacheco x Av. Benjamim Magalhães,FAM_RONDON_BENJAMIM,6,666324302#5,666324302#5_0,1156272391#0,1156272391#0_0,veicular,r,direita,o,desligado/prioridade,,,
Av. Rondon Pacheco x Av. Benjamim Magalhães,FAM_RONDON_BENJAMIM,7,666324302#5,666324302#5_0,1156272393#0,1156272393#0_3,veicular,l,esquerda,o,desligado/prioridade,,,
Av. Rondon Pacheco x Av. Benjamim Magalhães,FAM_RONDON_BENJAMIM,8,666324302#5,666324302#5_0,1156272395#1,1156272395#1_0,veicular,t,retorno,o,desligado/prioridade,,,
Av. Rondon Pacheco x Av. Benjamim Magalhães,FAM_RONDON_BENJAMIM,15,853751181#0,853751181#0_0,1156272393#0,1156272393#0_0,veicular,r,direita,o,desligado/prioridade,,,
Av. Rondon Pacheco x Av. Benjamim Magalhães,FAM_RONDON_BENJAMIM,16,853751181#0,853751181#0_0,1156272395#1,1156272395#1_0,veicular,s,reto,o,desligado/prioridade,,,
Av. Rondon Pacheco x Av. Benjamim Magalhães,FAM_RONDON_BENJAMIM,17,853751181#0,853751181#0_0,1156272391#0,1156272391#0_3,veicular,l,esquerda,o,desligado/prioridade,,,
Av. Rondon Pacheco x Av. Benjamim Magalhães,FAM_RONDON_BENJAMIM,23,:FAM_RONDON_BENJAMIM_JUNCTION_w0,:FAM_RONDON_BENJAMIM_JUNCTION_w0_0,:FAM_RONDON_BENJAMIM_JUNCTION_c5,:FAM_RONDON_BENJAMIM_JUNCTION_c5_0,pedestre,s,reto,r,sem verde,,,
Av. Rondon Pacheco x Av. Benjamim Magalhães,FAM_RONDON_BENJAMIM,19,:FAM_RONDON_BENJAMIM_JUNCTION_w1,:FAM_RONDON_BENJAMIM_JUNCTION_w1_0,:FAM_RONDON_BENJAMIM_JUNCTION_c1,:FAM_RONDON_BENJAMIM_JUNCTION_c1_0,pedestre,s,reto,r,sem verde,,,
Av. Rondon Pacheco x Av. Benjamim Magalhães,FAM_RONDON_BENJAMIM,20,:FAM_RONDON_BENJAMIM_JUNCTION_w2,:FAM_RONDON_BENJAMIM_JUNCTION_w2_0,:FAM_RONDON_BENJAMIM_JUNCTION_c2,:FAM_RONDON_BENJAMIM_JUNCTION_c2_0,pedestre,s,reto,r,sem verde,,,
Av. Rondon Pacheco x Av. Benjamim Magalhães,FAM_RONDON_BENJAMIM,21,:FAM_RONDON_BENJAMIM_JUNCTION_w3,:FAM_RONDON_BENJAMIM_JUNCTION_w3_0,:FAM_RONDON_BENJAMIM_JUNCTION_c3,:FAM_RONDON_BENJAMIM_JUNCTION_c3_0,pedestre,s,reto,r,sem verde,,,
Av. Rondon Pacheco x Av. Benjamim Magalhães,FAM_RONDON_BENJAMIM,22,:FAM_RONDON_BENJAMIM_JUNCTION_w4,:FAM_RONDON_BENJAMIM_JUNCTION_w4_0,:FAM_RONDON_BENJAMIM_JUNCTION_c4,:FAM_RONDON_BENJAMIM_JUNCTION_c4_0,pedestre,s,reto,r,sem verde,,,
Av. Rondon Pacheco x Av. Benjamim Magalhães,FAM_RONDON_BENJAMIM,18,:FAM_RONDON_BENJAMIM_JUNCTION_w5,:FAM_RONDON_BENJAMIM_JUNCTION_w5_0,:FAM_RONDON_BENJAMIM_JUNCTION_c0,:FAM_RONDON_BENJAMIM_JUNCTION_c0_0,pedestre,s,reto,r,sem verde,,,
Av. Rondon Pacheco x Rua Paraná,FAM_RONDON_PARANA,0,1156272393#6,1156272393#6_0,1156272393#7,1156272393#7_0,veicular,s,reto,Gyrrrr,tem verde,,,
Av. Rondon Pacheco x Rua Paraná,FAM_RONDON_PARANA,1,1156272393#6,1156272393#6_1,1156272393#7,1156272393#7_1,veicular,s,reto,Gyrrrr,tem verde,,,
Av. Rondon Pacheco x Rua Paraná,FAM_RONDON_PARANA,2,1156272393#6,1156272393#6_2,1156272393#7,1156272393#7_2,veicular,s,reto,Gyrrrr,tem verde,,,
Av. Rondon Pacheco x Rua Paraná,FAM_RONDON_PARANA,3,1156272393#6,1156272393#6_3,1156272393#7,1156272393#7_3,veicular,s,reto,Gyrrrr,tem verde,,,
Av. Rondon Pacheco x Rua Paraná,FAM_RONDON_PARANA,5,1156717168,1156717168_0,331577756#0,331577756#0_0,veicular,s,reto,rrrGyr,tem verde,,,
Av. Rondon Pacheco x Rua Paraná,FAM_RONDON_PARANA,6,1156717168,1156717168_1,331577756#0,331577756#0_1,veicular,s,reto,rrrGyr,tem verde,,,
Av. Rondon Pacheco x Rua Paraná,FAM_RONDON_PARANA,7,1156717173#4,1156717173#4_0,1156717173#5,1156717173#5_0,veicular,s,reto,Gyrrrr,tem verde,,,
Av. Rondon Pacheco x Rua Paraná,FAM_RONDON_PARANA,8,1156717173#4,1156717173#4_1,1156717173#5,1156717173#5_1,veicular,s,reto,Gyrrrr,tem verde,,,
Av. Rondon Pacheco x Rua Paraná,FAM_RONDON_PARANA,9,1156717173#4,1156717173#4_2,1156717173#5,1156717173#5_2,veicular,s,reto,Gyrrrr,tem verde,,,
Av. Rondon Pacheco x Rua Paraná,FAM_RONDON_PARANA,10,1156717173#4,1156717173#4_3,1156717173#5,1156717173#5_3,veicular,s,reto,Gyrrrr,tem verde,,,
Av. Rondon Pacheco x Rua Paraná,FAM_RONDON_PARANA,4,901328279#0,901328279#0_0,901328279#1,901328279#1_0,veicular,s,reto,rrrGyr,tem verde,,,
Av. Rondon Pacheco x Rua Paraná,FAM_RONDON_PARANA,11,:3386573294_w1,:3386573294_w1_0,:3386573294_c0,:3386573294_c0_0,pedestre,s,reto,rrrrrr,sem verde,,,
Av. Rondon Pacheco x Rua Paraná,FAM_RONDON_PARANA,12,:3386573296_w1,:3386573296_w1_0,:3386573296_c0,:3386573296_c0_0,pedestre,s,reto,rrrrrr,sem verde,,,
Av. Rondon Pacheco x Rua Paraná,FAM_RONDON_PARANA,13,:3386573297_w1,:3386573297_w1_0,:3386573297_c0,:3386573297_c0_0,pedestre,s,reto,rrrrrr,sem verde,,,
Av. Rondon Pacheco x Rua Paraná,FAM_RONDON_PARANA,14,:3386573298_w1,:3386573298_w1_0,:3386573298_c0,:3386573298_c0_0,pedestre,s,reto,rrrrrr,sem verde,,,
Av. Cesário Alvin x Rua Paraná,FAM_CESARIO_PARANA,0,154252437#1,154252437#1_0,665897572,665897572_0,veicular,r,direita,o,desligado/prioridade,,,
Av. Cesário Alvin x Rua Paraná,FAM_CESARIO_PARANA,1,602306713#21,602306713#21_0,901328279#0,901328279#0_0,veicular,r,direita,o,desligado/prioridade,,,
Av. Cesário Alvin x Rua Paraná,FAM_CESARIO_PARANA,2,602306713#21,602306713#21_0,665897572,665897572_0,veicular,s,reto,o,desligado/prioridade,,,
Av. Cesário Alvin x Rua Paraná,FAM_CESARIO_PARANA,3,665897556#1,665897556#1_0,901328279#0,901328279#0_0,veicular,s,reto,o,desligado/prioridade,,,
Av. Cesário Alvin x Rua Paraná,FAM_CESARIO_PARANA,4,665897556#1,665897556#1_0,665897572,665897572_0,veicular,l,esquerda,o,desligado/prioridade,,,
Av. Cesário Alvin x Rua Paraná,FAM_CESARIO_PARANA,5,:FAM_CESARIO_PARANA_JUNCTION_w1,:FAM_CESARIO_PARANA_JUNCTION_w1_0,:FAM_CESARIO_PARANA_JUNCTION_c0,:FAM_CESARIO_PARANA_JUNCTION_c0_0,pedestre,s,reto,r,sem verde,,,
Av. Cesário Alvin x Rua Paraná,FAM_CESARIO_PARANA,6,:FAM_CESARIO_PARANA_JUNCTION_w3,:FAM_CESARIO_PARANA_JUNCTION_w3_0,:FAM_CESARIO_PARANA_JUNCTION_c1,:FAM_CESARIO_PARANA_JUNCTION_c1_0,pedestre,s,reto,r,sem verde,,,
Av. Cesário Alvin x Rua Paraná,FAM_CESARIO_PARANA,7,:FAM_CESARIO_PARANA_JUNCTION_w4,:FAM_CESARIO_PARANA_JUNCTION_w4_0,:FAM_CESARIO_PARANA_JUNCTION_c2,:FAM_CESARIO_PARANA_JUNCTION_c2_0,pedestre,s,reto,r,sem verde,,,
Av. Rondon Pacheco x Rua Porto Alegre,FAM_RONDON_PORTO_ALEGRE,0,299471494#2,299471494#2_0,1156717170#0,1156717170#0_0,veicular,s,reto,O,desligado/prioridade,,,
Av. Rondon Pacheco x Rua Porto Alegre,FAM_RONDON_PORTO_ALEGRE,1,299471494#2,299471494#2_1,1156717170#0,1156717170#0_1,veicular,s,reto,O,desligado/prioridade,,,
Av. Rondon Pacheco x Rua Porto Alegre,FAM_RONDON_PORTO_ALEGRE,2,299471494#2,299471494#2_1,1156717171,1156717171_0,veicular,l,esquerda,O,desligado/prioridade,,,
Av. Rondon Pacheco x Rua Porto Alegre,FAM_RONDON_PORTO_ALEGRE,3,30664532#2,30664532#2_0,1156717170#0,1156717170#0_0,veicular,r,direita,o,desligado/prioridade,,,
Av. Rondon Pacheco x Rua Porto Alegre,FAM_RONDON_PORTO_ALEGRE,4,30664532#2,30664532#2_0,1156717171,1156717171_0,veicular,s,reto,o,desligado/prioridade,,,
Av. Rondon Pacheco x Rua Porto Alegre,FAM_RONDON_PORTO_ALEGRE,5,331577748#4,331577748#4_0,1156717172#0,1156717172#0_0,veicular,r,direita,O,desligado/prioridade,,,
Av. Rondon Pacheco x Rua Porto Alegre,FAM_RONDON_PORTO_ALEGRE,6,331577748#4,331577748#4_0,331577750#0,331577750#0_0,veicular,s,reto,O,desligado/prioridade,,,
Av. Rondon Pacheco x Rua Porto Alegre,FAM_RONDON_PORTO_ALEGRE,7,331577748#4,331577748#4_1,331577750#0,331577750#0_1,veicular,s,reto,O,desligado/prioridade,,,
Av. Rondon Pacheco x Rua Porto Alegre,FAM_RONDON_PORTO_ALEGRE,8,331577748#4,331577748#4_2,331577750#0,331577750#0_2,veicular,s,reto,O,desligado/prioridade,,,
Av. Rondon Pacheco x Rua Porto Alegre,FAM_RONDON_PORTO_ALEGRE,9,331577748#4,331577748#4_3,331577750#0,331577750#0_3,veicular,s,reto,O,desligado/prioridade,,,
Av. Rondon Pacheco x Rua Porto Alegre,FAM_RONDON_PORTO_ALEGRE,10,:2042691678_w1,:2042691678_w1_0,:2042691678_c0,:2042691678_c0_0,pedestre,s,reto,r,sem verde,,,
Av. Rondon Pacheco x Rua Porto Alegre,FAM_RONDON_PORTO_ALEGRE,11,:339121007_w1,:339121007_w1_0,:339121007_c0,:339121007_c0_0,pedestre,s,reto,r,sem verde,,,
Av. Rondon Pacheco x Rua Porto Alegre,3386573305,0,331577748#2,331577748#2_0,331577748#3,331577748#3_0,veicular,s,reto,Gyr,tem verde,,,
Av. Rondon Pacheco x Rua Porto Alegre,3386573305,1,331577748#2,331577748#2_1,331577748#3,331577748#3_1,veicular,s,reto,Gyr,tem verde,,,
Av. Rondon Pacheco x Rua Porto Alegre,3386573305,2,331577748#2,331577748#2_2,331577748#3,331577748#3_2,veicular,s,reto,Gyr,tem verde,,,
Av. Rondon Pacheco x Rua Porto Alegre,3386573305,3,331577748#2,331577748#2_3,331577748#3,331577748#3_3,veicular,s,reto,Gyr,tem verde,,,
Av. Rondon Pacheco x Rua Porto Alegre,3386573305,4,:3386573305_w0,:3386573305_w0_0,:3386573305_c0,:3386573305_c0_0,pedestre,s,reto,rrr,sem verde,,,
Av. Rondon Pacheco x Rua Porto Alegre,3386573306,0,299471494#1,299471494#1_0,299471494#2,299471494#2_0,veicular,s,reto,Gyr,tem verde,,,
Av. Rondon Pacheco x Rua Porto Alegre,3386573306,1,299471494#1,299471494#1_1,299471494#2,299471494#2_1,veicular,s,reto,Gyr,tem verde,,,
Av. Rondon Pacheco x Rua Porto Alegre,3386573306,2,:3386573306_w1,:3386573306_w1_0,:3386573306_c0,:3386573306_c0_0,pedestre,s,reto,rrr,sem verde,,,
Av. Rondon Pacheco x Rua Porto Alegre,5494111603,0,1156717170#0,1156717170#0_0,1156717170#1,1156717170#1_0,veicular,s,reto,Gyr,tem verde,,,
Av. Rondon Pacheco x Rua Porto Alegre,5494111603,1,1156717170#0,1156717170#0_1,1156717170#1,1156717170#1_1,veicular,s,reto,Gyr,tem verde,,,
Av. Rondon Pacheco x Rua Porto Alegre,5494111603,2,:5494111603_w1,:5494111603_w1_0,:5494111603_c0,:5494111603_c0_0,pedestre,s,reto,rrr,sem verde,,,
Av. Rondon Pacheco x Rua Belém,FAM_RONDON_BELEM,0,331577750#1,331577750#1_0,965367672#0,965367672#0_0,veicular,s,reto,O,desligado/prioridade,,,
Av. Rondon Pacheco x Rua Belém,FAM_RONDON_BELEM,1,331577750#1,331577750#1_1,965367672#0,965367672#0_1,veicular,s,reto,O,desligado/prioridade,,,
Av. Rondon Pacheco x Rua Belém,FAM_RONDON_BELEM,2,331577750#1,331577750#1_2,965367672#0,965367672#0_2,veicular,s,reto,O,desligado/prioridade,,,
Av. Rondon Pacheco x Rua Belém,FAM_RONDON_BELEM,3,331577750#1,331577750#1_3,965367672#0,965367672#0_3,veicular,s,reto,O,desligado/prioridade,,,
Av. Rondon Pacheco x Rua Belém,FAM_RONDON_BELEM,4,576876311#3,576876311#3_0,274995593#0,274995593#0_0,veicular,r,direita,O,desligado/prioridade,,,
Av. Rondon Pacheco x Rua Belém,FAM_RONDON_BELEM,5,576876311#3,576876311#3_1,299471494#0,299471494#0_0,veicular,s,reto,O,desligado/prioridade,,,
Av. Rondon Pacheco x Rua Belém,FAM_RONDON_BELEM,6,576876311#3,576876311#3_2,299471494#0,299471494#0_1,veicular,s,reto,O,desligado/prioridade,,,
Av. Rondon Pacheco x Rua Belém,FAM_RONDON_BELEM,7,965367673#0,965367673#0_0,965367672#0,965367672#0_0,veicular,r,direita,o,desligado/prioridade,,,
Av. Rondon Pacheco x Rua Belém,FAM_RONDON_BELEM,8,965367673#0,965367673#0_0,965367672#0,965367672#0_1,veicular,r,direita,o,desligado/prioridade,,,
Av. Rondon Pacheco x Rua Belém,FAM_RONDON_BELEM,9,965367673#0,965367673#0_0,965367671,965367671_0,veicular,s,reto,o,desligado/prioridade,,,
Av. Rondon Pacheco x Rua Antônio Crescêncio,FAM_RONDON_ROTARY_CLUB,0,463014795#0,463014795#0_0,463014795#1,463014795#1_0,veicular,s,reto,Gyrrrr,tem verde,,,
Av. Rondon Pacheco x Rua Antônio Crescêncio,FAM_RONDON_ROTARY_CLUB,1,930831033#0,930831033#0_0,930831033#1,930831033#1_0,veicular,s,reto,rrrGyr,tem verde,,,
Av. Rondon Pacheco x Rua Antônio Crescêncio,FAM_RONDON_ROTARY_CLUB,2,930831033#0,930831033#0_1,930831033#1,930831033#1_1,veicular,s,reto,rrrGyr,tem verde,,,
Av. Rondon Pacheco x Rua Antônio Crescêncio,FAM_RONDON_ROTARY_CLUB,3,930831033#0,930831033#0_2,930831033#1,930831033#1_2,veicular,s,reto,rrrGyr,tem verde,,,
Av. Rondon Pacheco x Rua Antônio Crescêncio,FAM_RONDON_ROTARY_CLUB,4,930831033#0,930831033#0_3,930831033#1,930831033#1_3,veicular,s,reto,rrrGyr,tem verde,,,
Av. Rondon Pacheco x Rua Antônio Crescêncio,FAM_RONDON_ROTARY_CLUB,5,965367672#2,965367672#2_0,965367672#3,965367672#3_0,veicular,s,reto,rrrGyr,tem verde,,,
Av. Rondon Pacheco x Rua Antônio Crescêncio,FAM_RONDON_ROTARY_CLUB,6,965367672#2,965367672#2_1,965367672#3,965367672#3_1,veicular,s,reto,rrrGyr,tem verde,,,
Av. Rondon Pacheco x Rua Antônio Crescêncio,FAM_RONDON_ROTARY_CLUB,7,965367672#2,965367672#2_2,965367672#3,965367672#3_2,veicular,s,reto,rrrGyr,tem verde,,,
Av. Rondon Pacheco x Rua Antônio Crescêncio,FAM_RONDON_ROTARY_CLUB,8,965367672#2,965367672#2_3,965367672#3,965367672#3_3,veicular,s,reto,rrrGyr,tem verde,,,
Av. Rondon Pacheco x Rua Antônio Crescêncio,FAM_RONDON_ROTARY_CLUB,9,:8622218071_w1,:8622218071_w1_0,:8622218071_c0,:8622218071_c0_0,pedestre,s,reto,rrrrrr,sem verde,,,
Av. Rondon Pacheco x Rua Antônio Crescêncio,FAM_RONDON_ROTARY_CLUB,10,:8622218072_w1,:8622218072_w1_0,:8622218072_c0,:8622218072_c0_0,pedestre,s,reto,rrrrrr,sem verde,,,
Av. Rondon Pacheco x Rua Antônio Crescêncio,FAM_RONDON_ROTARY_CLUB,11,:8622218073_w0,:8622218073_w0_0,:8622218073_c0,:8622218073_c0_0,pedestre,s,reto,rrrrrr,sem verde,,,
Av. Rondon Pacheco x Rua Niterói,FAM_RONDON_NITEROI,12,30622933#11,30622933#11_0,1156717175#0,1156717175#0_0,veicular,r,direita,o,desligado/prioridade,,,
Av. Rondon Pacheco x Rua Niterói,FAM_RONDON_NITEROI,13,30622933#11,30622933#11_0,1156717175#0,1156717175#0_1,veicular,r,direita,o,desligado/prioridade,,,
Av. Rondon Pacheco x Rua Niterói,FAM_RONDON_NITEROI,14,30622933#11,30622933#11_0,1156717177#0,1156717177#0_0,veicular,s,reto,o,desligado/prioridade,,,
Av. Rondon Pacheco x Rua Niterói,FAM_RONDON_NITEROI,15,30622933#11,30622933#11_0,1156717176,1156717176_2,veicular,l,esquerda,o,desligado/prioridade,,,
Av. Rondon Pacheco x Rua Niterói,FAM_RONDON_NITEROI,16,30622933#11,30622933#11_0,1156717176,1156717176_3,veicular,l,esquerda,o,desligado/prioridade,,,
Av. Rondon Pacheco x Rua Niterói,FAM_RONDON_NITEROI,7,930831032#1,930831032#1_0,1156717177#0,1156717177#0_0,veicular,r,direita,o,desligado/prioridade,,,
Av. Rondon Pacheco x Rua Niterói,FAM_RONDON_NITEROI,8,930831032#1,930831032#1_0,1156717176,1156717176_0,veicular,s,reto,O,desligado/prioridade,,,
Av. Rondon Pacheco x Rua Niterói,FAM_RONDON_NITEROI,9,930831032#1,930831032#1_1,1156717176,1156717176_1,veicular,s,reto,O,desligado/prioridade,,,
Av. Rondon Pacheco x Rua Niterói,FAM_RONDON_NITEROI,10,930831032#1,930831032#1_2,1156717176,1156717176_2,veicular,s,reto,O,desligado/prioridade,,,
Av. Rondon Pacheco x Rua Niterói,FAM_RONDON_NITEROI,11,930831032#1,930831032#1_3,1156717176,1156717176_3,veicular,s,reto,O,desligado/prioridade,,,
Av. Rondon Pacheco x Rua Niterói,FAM_RONDON_NITEROI,0,931572689,931572689_0,1156717175#0,1156717175#0_0,veicular,s,reto,O,desligado/prioridade,,,
Av. Rondon Pacheco x Rua Niterói,FAM_RONDON_NITEROI,1,931572689,931572689_1,1156717175#0,1156717175#0_1,veicular,s,reto,O,desligado/prioridade,,,
Av. Rondon Pacheco x Rua Niterói,FAM_RONDON_NITEROI,2,931572689,931572689_2,1156717175#0,1156717175#0_2,veicular,s,reto,O,desligado/prioridade,,,
Av. Rondon Pacheco x Rua Niterói,FAM_RONDON_NITEROI,3,931572689,931572689_3,1156717175#0,1156717175#0_3,veicular,s,reto,O,desligado/prioridade,,,
Av. Rondon Pacheco x Rua Niterói,FAM_RONDON_NITEROI,4,931572689,931572689_3,1156717177#0,1156717177#0_0,veicular,l,esquerda,o,desligado/prioridade,,,
Av. Rondon Pacheco x Rua Niterói,FAM_RONDON_NITEROI,5,931572689,931572689_3,1156717176,1156717176_2,veicular,t,retorno,o,desligado/prioridade,,,
Av. Rondon Pacheco x Rua Niterói,FAM_RONDON_NITEROI,6,931572689,931572689_3,1156717176,1156717176_3,veicular,t,retorno,o,desligado/prioridade,,,
Av. Rondon Pacheco x Rua Niterói,FAM_RONDON_NITEROI,17,:FAM_RONDON_NITEROI_JUNCTION_w1,:FAM_RONDON_NITEROI_JUNCTION_w1_0,:FAM_RONDON_NITEROI_JUNCTION_c0,:FAM_RONDON_NITEROI_JUNCTION_c0_0,pedestre,s,reto,r,sem verde,,,
Av. Rondon Pacheco x Rua Niterói,FAM_RONDON_NITEROI,18,:FAM_RONDON_NITEROI_JUNCTION_w3,:FAM_RONDON_NITEROI_JUNCTION_w3_0,:FAM_RONDON_NITEROI_JUNCTION_c1,:FAM_RONDON_NITEROI_JUNCTION_c1_0,pedestre,s,reto,r,sem verde,,,
Av. Rondon Pacheco x Rua Niterói,5494111596,0,1156717175#0,1156717175#0_0,1156717175#1,1156717175#1_0,veicular,s,reto,Gyr,tem verde,,,
Av. Rondon Pacheco x Rua Niterói,5494111596,1,1156717175#0,1156717175#0_1,1156717175#1,1156717175#1_1,veicular,s,reto,Gyr,tem verde,,,
Av. Rondon Pacheco x Rua Niterói,5494111596,2,1156717175#0,1156717175#0_2,1156717175#1,1156717175#1_2,veicular,s,reto,Gyr,tem verde,,,
Av. Rondon Pacheco x Rua Niterói,5494111596,3,1156717175#0,1156717175#0_3,1156717175#1,1156717175#1_3,veicular,s,reto,Gyr,tem verde,,,
Av. Rondon Pacheco x Rua Niterói,5494111596,4,:5494111596_w0,:5494111596_w0_0,:5494111596_c0,:5494111596_c0_0,pedestre,s,reto,rrr,sem verde,,,
Av. Rondon Pacheco x Rua Niterói,5494111597,0,930831032#0,930831032#0_0,930831032#1,930831032#1_0,veicular,s,reto,Gyr,tem verde,,,
Av. Rondon Pacheco x Rua Niterói,5494111597,1,930831032#0,930831032#0_1,930831032#1,930831032#1_1,veicular,s,reto,Gyr,tem verde,,,
Av. Rondon Pacheco x Rua Niterói,5494111597,2,930831032#0,930831032#0_2,930831032#1,930831032#1_2,veicular,s,reto,Gyr,tem verde,,,
Av. Rondon Pacheco x Rua Niterói,5494111597,3,930831032#0,930831032#0_3,930831032#1,930831032#1_3,veicular,s,reto,Gyr,tem verde,,,
Av. Rondon Pacheco x Rua Niterói,5494111597,4,:5494111597_w1,:5494111597_w1_0,:5494111597_c0,:5494111597_c0_0,pedestre,s,reto,rrr,sem verde,,,
Av. Rondon Pacheco x Av. João Naves de Ávila,5494111589,0,576014290#0,576014290#0_0,576014290#1,576014290#1_0,veicular,s,reto,Gyr,tem verde,,,
Av. Rondon Pacheco x Av. João Naves de Ávila,5494111589,1,576014290#0,576014290#0_1,576014290#1,576014290#1_1,veicular,s,reto,Gyr,tem verde,,,
Av. Rondon Pacheco x Av. João Naves de Ávila,5494111589,2,576014290#0,576014290#0_2,576014290#1,576014290#1_2,veicular,s,reto,Gyr,tem verde,,,
Av. Rondon Pacheco x Av. João Naves de Ávila,5494111589,3,576014290#0,576014290#0_3,576014290#1,576014290#1_3,veicular,s,reto,Gyr,tem verde,,,
Av. Rondon Pacheco x Av. João Naves de Ávila,5494111589,4,:5494111589_w1,:5494111589_w1_0,:5494111589_c0,:5494111589_c0_0,pedestre,s,reto,rrr,sem verde,,,
Av. Rondon Pacheco x Av. João Naves de Ávila,5494111590,0,1156717175#5,1156717175#5_0,576014295,576014295_0,veicular,s,reto,Gyr,tem verde,,,
Av. Rondon Pacheco x Av. João Naves de Ávila,5494111590,1,1156717175#5,1156717175#5_1,576014295,576014295_1,veicular,s,reto,Gyr,tem verde,,,
Av. Rondon Pacheco x Av. João Naves de Ávila,5494111590,2,1156717175#5,1156717175#5_2,576014295,576014295_2,veicular,s,reto,Gyr,tem verde,,,
Av. Rondon Pacheco x Av. João Naves de Ávila,5494111590,3,1156717175#5,1156717175#5_3,576014295,576014295_3,veicular,s,reto,Gyr,tem verde,,,
Av. Rondon Pacheco x Av. João Naves de Ávila,5494111590,4,1156717175#5,1156717175#5_3,462993309,462993309_0,veicular,L,esquerda parcial,Gyr,tem verde,,,
Av. Rondon Pacheco x Av. João Naves de Ávila,5494111590,5,:5494111590_w0,:5494111590_w0_0,:5494111590_c0,:5494111590_c0_0,pedestre,s,reto,rrr,sem verde,,,
Av. Rondon Pacheco x Av. João Naves de Ávila,5494111594,0,576014301#0,576014301#0_0,576014301#1,576014301#1_0,veicular,s,reto,Gyr,tem verde,,,
Av. Rondon Pacheco x Av. João Naves de Ávila,5494111594,1,576014301#0,576014301#0_1,576014301#1,576014301#1_1,veicular,s,reto,Gyr,tem verde,,,
Av. Rondon Pacheco x Av. João Naves de Ávila,5494111594,2,576014301#0,576014301#0_2,576014301#1,576014301#1_2,veicular,s,reto,Gyr,tem verde,,,
Av. Rondon Pacheco x Av. João Naves de Ávila,5494111594,3,576014301#0,576014301#0_3,576014301#1,576014301#1_3,veicular,s,reto,Gyr,tem verde,,,
Av. Rondon Pacheco x Av. João Naves de Ávila,5494111594,4,:5494111594_w1,:5494111594_w1_0,:5494111594_c0,:5494111594_c0_0,pedestre,s,reto,rrr,sem verde,,,
Av. Rondon Pacheco x Av. Anselmo Alves do Nascimento,FAM_RONDON_ANSELMO,0,462991286,462991286_0,46711471#0,46711471#0_1,veicular,s,reto,O,desligado/prioridade,,,
Av. Rondon Pacheco x Av. Anselmo Alves do Nascimento,FAM_RONDON_ANSELMO,1,462991286,462991286_1,46711471#0,46711471#0_2,veicular,s,reto,O,desligado/prioridade,,,
Av. Rondon Pacheco x Av. Anselmo Alves do Nascimento,FAM_RONDON_ANSELMO,2,462991286,462991286_2,46711471#0,46711471#0_3,veicular,s,reto,O,desligado/prioridade,,,
Av. Rondon Pacheco x Av. Anselmo Alves do Nascimento,FAM_RONDON_ANSELMO,3,576014296#2,576014296#2_0,300965440,300965440_0,veicular,r,direita,O,desligado/prioridade,,,
Av. Rondon Pacheco x Av. Anselmo Alves do Nascimento,FAM_RONDON_ANSELMO,4,576014296#2,576014296#2_0,261432318,261432318_0,veicular,s,reto,O,desligado/prioridade,,,
Av. Rondon Pacheco x Av. Anselmo Alves do Nascimento,FAM_RONDON_ANSELMO,5,576014296#2,576014296#2_1,261432318,261432318_1,veicular,s,reto,O,desligado/prioridade,,,
Av. Rondon Pacheco x Av. Anselmo Alves do Nascimento,FAM_RONDON_ANSELMO,6,576014296#2,576014296#2_2,261432318,261432318_2,veicular,s,reto,O,desligado/prioridade,,,
Av. Rondon Pacheco x Av. Anselmo Alves do Nascimento,FAM_RONDON_ANSELMO,7,576014296#2,576014296#2_3,261432318,261432318_3,veicular,s,reto,O,desligado/prioridade,,,
Av. Rondon Pacheco x Av. Anselmo Alves do Nascimento,FAM_RONDON_ANSELMO,8,:2651934389_w0,:2651934389_w0_0,:2651934389_c0,:2651934389_c0_0,pedestre,s,reto,r,sem verde,,,
Av. Rondon Pacheco x Av. Anselmo Alves do Nascimento,FAM_RONDON_ANSELMO,9,:2783757296_w1,:2783757296_w1_0,:2783757296_c0,:2783757296_c0_0,pedestre,s,reto,r,sem verde,,,
Av. Rondon Pacheco x Av. Anselmo Alves do Nascimento,338654991,0,625668273#2,625668273#2_0,625668273#3,625668273#3_0,veicular,s,reto,Gyr,tem verde,,,
Av. Rondon Pacheco x Av. Anselmo Alves do Nascimento,338654991,1,625668273#2,625668273#2_1,625668273#3,625668273#3_1,veicular,s,reto,Gyr,tem verde,,,
Av. Rondon Pacheco x Av. Anselmo Alves do Nascimento,338654991,2,:338654991_w1,:338654991_w1_0,:338654991_c0,:338654991_c0_0,pedestre,s,reto,rrr,sem verde,,,
