categoria,configuracao_sumo,tipo_sumo,unidade,padrao_fabrica_sumo_1_27_1,descricao,valor_no_core,valor_no_full,alteracao_no_projeto
Entradas,net-file,FILE,arquivo,,"Rede com vias, faixas, conexões e programas semafóricos; vazio significa que nenhum arquivo foi definido.",SistemaDeSemaforos/network/uberlandia.vehicular.families.16_2_4.net.xml,SistemaDeSemaforos/network/uberlandia.vehicular.families.16_2_4.net.xml,CLI do projeto: --net-file CAMINHO.
Entradas,route-files,FILE,arquivos,,Arquivos de veículos e rotas carregados pelo SUMO; vazio significa que nenhum arquivo foi definido.,<episodio>/inputs/random.rou.xml,<episodio>/inputs/random.rou.xml,Gerado automaticamente; CLI --duration e --period alteram a demanda.
Entradas,additional-files,FILE,arquivos,,"Arquivos adicionais para programas, detectores e observações; vazio significa nenhum arquivo adicional.",Nenhum em current; SETTRAN validado adiciona inputs/settran.add.xml.,inputs/observations.add.xml; SETTRAN validado também adiciona inputs/settran.add.xml.,Automático por --metrics-profile e --signal-profile; arquivos extras arbitrários não são expostos no CLI.
Tempo,begin,TIME,s,0,Instante inicial da simulação; não é a duração da demanda.,0,0,Sem opção no CLI do projeto; exige ajuste explícito no runner (opção SUMO --begin).
Tempo,end,TIME,s,-1,Horizonte final; -1 não impõe limite finito e permite encerrar ao esgotar a demanda.,-1,-1,CLI do projeto: --end SEGUNDOS; ausente mantém término natural.
Tempo,step-length,TIME,s,1,Duração de cada passo da dinâmica simulada; não deve ser alterada ao escolher perfil de métricas.,1,1,Sem opção no CLI do projeto; exige ajuste explícito no runner (opção SUMO --step-length).
Aleatoriedade,seed,INT,inteiro,23423,Seed interna do SUMO; é diferente da seed sorteada para gerar a demanda.,23423,23423,Sem opção no CLI do projeto; exige ajuste explícito no runner (opção SUMO --seed).
Aleatoriedade,random,BOOL,booleano,false,"Se true, inicializa o gerador aleatório SUMO pelo relógio do sistema em vez da seed fixa.",false,false,Sem opção no CLI do projeto; exige ajuste explícito no runner (opção SUMO --random).
Demanda e inserção,scale,FLOAT,fator,1,Multiplica a demanda carregada por descarte ou duplicação de veículos; 1 conserva a quantidade.,1,1,Sem opção no CLI do projeto; exige ajuste explícito no runner (opção SUMO --scale).
Demanda e inserção,max-num-vehicles,INT,veículos,-1,Máximo de veículos simultâneos antes de adiar novas inserções; -1 não impõe limite.,-1,-1,Sem opção no CLI do projeto; exige ajuste explícito no runner (opção SUMO --max-num-vehicles).
Demanda e inserção,max-depart-delay,TIME,s,-1,Espera máxima para partida antes de descartar um veículo; -1 não descarta por esse limite.,-1,-1,Sem opção no CLI do projeto; exige ajuste explícito no runner (opção SUMO --max-depart-delay).
Demanda e inserção,random-depart-offset,TIME,s,0,Acrescenta às partidas um deslocamento aleatório uniforme entre zero e este valor.,0,0,Sem opção no CLI do projeto; exige ajuste explícito no runner (opção SUMO --random-depart-offset).
Demanda e inserção,sloppy-insert,BOOL,booleano,false,"Após falhar uma inserção em uma via, permite não repetir tentativas nessa via no mesmo passo.",false,false,Sem opção no CLI do projeto; exige ajuste explícito no runner (opção SUMO --sloppy-insert).
Demanda e inserção,eager-insert,BOOL,booleano,false,Verifica separadamente a possibilidade de inserção de cada veículo em uma via.,false,false,Sem opção no CLI do projeto; exige ajuste explícito no runner (opção SUMO --eager-insert).
Demanda e inserção,emergency-insert,BOOL,booleano,false,Permite inserção em situação que exija frenagem de emergência.,false,false,Sem opção no CLI do projeto; exige ajuste explícito no runner (opção SUMO --emergency-insert).
Demanda e inserção,insertion-checks,STR,seleção,all,Conjunto padrão de verificações para inserção; all mantém todas.,all,all,Sem opção no CLI do projeto; exige ajuste explícito no runner (opção SUMO --insertion-checks).
Comportamento veicular,default.carfollowmodel,STR,modelo,Krauss,Modelo padrão de seguimento veicular; tipos de veículo podem definir outro modelo.,Krauss,Krauss,Sem opção no CLI do projeto; exige ajuste explícito no runner (opção SUMO --default.carfollowmodel).
Comportamento veicular,default.speeddev,FLOAT,fator,-1,"Desvio padrão do fator de velocidade; -1 usa o padrão da classe veicular, 0.1 para passenger.",-1,-1,Sem opção no CLI do projeto; exige ajuste explícito no runner (opção SUMO --default.speeddev).
Comportamento veicular,default.departspeed,STR,m/s ou modo,avg,"Velocidade padrão ao inserir veículos; avg é um modo nativo, não uma velocidade numérica fixa.",avg,avg,Sem opção no CLI do projeto; exige ajuste explícito no runner (opção SUMO --default.departspeed).
Comportamento veicular,default.departlane,STR,índice ou modo,best_prob,Faixa padrão de partida; best_prob é a estratégia nativa de escolha.,best_prob,best_prob,Sem opção no CLI do projeto; exige ajuste explícito no runner (opção SUMO --default.departlane).
Comportamento veicular,default.action-step-length,FLOAT,s,0,Intervalo padrão entre decisões de seguimento e mudança de faixa; 0 herda step-length. Tipos e veículos podem sobrescrever.,0,0,Sem opção no CLI do projeto; exige ajuste explícito no runner (opção SUMO --default.action-step-length).
Comportamento veicular,default.emergencydecel,STR,m/s² ou modo,default,"Desaceleração de emergência padrão; default depende da classe veicular, decel usa a desaceleração normal, ou pode ser numérica.",default,default,Sem opção no CLI do projeto; exige ajuste explícito no runner (opção SUMO --default.emergencydecel).
Comportamento veicular,step-method.ballistic,BOOL,booleano,false,Ativa integração balística da posição; false mantém Euler semi-implícito.,false,false,Sem opção no CLI do projeto; exige ajuste explícito no runner (opção SUMO --step-method.ballistic).
Comportamento veicular,lateral-resolution,FLOAT,m,-1,Resolução do posicionamento lateral dentro da faixa; -1 mantém veículos no centro da faixa.,-1,-1,Sem opção no CLI do projeto; exige ajuste explícito no runner (opção SUMO --lateral-resolution).
Comportamento veicular,lanechange.duration,TIME,s,0,Duração da manobra de mudança de faixa; 0 representa mudança instantânea no modelo padrão.,0,0,Sem opção no CLI do projeto; exige ajuste explícito no runner (opção SUMO --lanechange.duration).
Comportamento veicular,waiting-time-memory,TIME,s,100,Janela usada pelo SUMO para a espera acumulada; não altera a definição do waitingTime total de viagem no Tripinfo.,100,100,Sem opção no CLI do projeto; exige ajuste explícito no runner (opção SUMO --waiting-time-memory).
Interseções e semáforos,no-internal-links,BOOL,booleano,false,Desativa as conexões internas das interseções se true; altera a dinâmica e a representação dos cruzamentos.,false,false,Sem opção no CLI do projeto; exige ajuste explícito no runner (opção SUMO --no-internal-links).
Interseções e semáforos,ignore-junction-blocker,TIME,s,-1,Tempo parado após o qual veículos bloqueando uma interseção podem ser ignorados; -1 nunca ignora.,-1,-1,Sem opção no CLI do projeto; exige ajuste explícito no runner (opção SUMO --ignore-junction-blocker).
Interseções e semáforos,tls.all-off,BOOL,booleano,false,Desliga todos os semáforos se true; false mantém os programas carregados.,false,false,Sem opção no CLI do projeto; exige ajuste explícito no runner (opção SUMO --tls.all-off).
Interseções e semáforos,tls.yellow.min-decel,FLOAT,m/s²,3,Desaceleração mínima considerada na frenagem ao sinal amarelo.,3,3,Sem opção no CLI do projeto; exige ajuste explícito no runner (opção SUMO --tls.yellow.min-decel).
Interseções e semáforos,time-to-impatience,TIME,s,180,Tempo para a impaciência crescer de zero a um; valores não positivos desativam o crescimento. Padrão confirmado pelo value do template.,180,180,Sem opção no CLI do projeto; exige ajuste explícito no runner (opção SUMO --time-to-impatience).
Segurança e integridade,collision.action,STR,ação,teleport,"Tratamento de colisões: none, warn, teleport ou remove.",teleport,teleport,Sem opção no CLI do projeto; exige ajuste explícito no runner (opção SUMO --collision.action).
Segurança e integridade,collision.stoptime,TIME,s,0,"Tempo de parada antes de executar collision.action, exceto quando a ação é none.",0,0,Sem opção no CLI do projeto; exige ajuste explícito no runner (opção SUMO --collision.stoptime).
Segurança e integridade,collision.check-junctions,BOOL,booleano,false,Habilita a verificação de colisões dentro das interseções.,false,false,Sem opção no CLI do projeto; exige ajuste explícito no runner (opção SUMO --collision.check-junctions).
Segurança e integridade,collision.mingap-factor,FLOAT,fator,-1,Fração do minGap usada na detecção de colisão; valor negativo usa o parâmetro do modelo de seguimento.,-1,-1,Sem opção no CLI do projeto; exige ajuste explícito no runner (opção SUMO --collision.mingap-factor).
Segurança e integridade,time-to-teleport,TIME,s,300,Espera máxima antes de teletransportar por bloqueio; valores não positivos desativam esse limite.,300,300,Sem opção no CLI do projeto; exige ajuste explícito no runner (opção SUMO --time-to-teleport).
Segurança e integridade,time-to-teleport.remove,BOOL,booleano,false,"Remove veículos que excedem a espera em vez de teletransportá-los, quando true.",false,false,Sem opção no CLI do projeto; exige ajuste explícito no runner (opção SUMO --time-to-teleport.remove).
Segurança e integridade,max-num-teleports,INT,eventos,-1,Interrompe a simulação ao exceder o limite de teletransportes; -1 não impõe esse limite.,-1,-1,Sem opção no CLI do projeto; exige ajuste explícito no runner (opção SUMO --max-num-teleports).
Segurança e integridade,ignore-route-errors,BOOL,booleano,false,"Se true, deixa de verificar a conectividade das rotas.",false,false,Sem opção no CLI do projeto; exige ajuste explícito no runner (opção SUMO --ignore-route-errors).
Segurança e integridade,ignore-accidents,BOOL,booleano,false,"Se true, deixa de verificar a ocorrência de acidentes; false mantém a verificação nativa.",false,false,Sem opção no CLI do projeto; exige ajuste explícito no runner (opção SUMO --ignore-accidents).
Carregamento,route-steps,TIME,s,200,Janela de antecipação para carregar rotas; não é o timestep nem o horizonte final da simulação.,200,200,Sem opção no CLI do projeto; exige ajuste explícito no runner (opção SUMO --route-steps).
Observação,precision,INT,casas decimais,2,Precisão de saída para valores de ponto flutuante; o pipeline usa 8 em ambos os perfis.,8,8,Coleta selecionada por --metrics-profile core/full; ajuste individual em sumo_output_configuration.py e validação do coletor.
Observação,summary-output,FILE,arquivo,,Destino das contagens e médias globais por instante; vazio não solicita a saída.,<episodio>/raw/summary.xml.gz,<episodio>/raw/summary.xml.gz,Coleta selecionada por --metrics-profile core/full; ajuste individual em sumo_output_configuration.py e validação do coletor.
Observação,summary-output.period,TIME,s,-1,"Período de observação de Summary; -1 usa a cadência nativa por passo, atualmente 1 s.",-1,-1,Coleta selecionada por --metrics-profile core/full; ajuste individual em sumo_output_configuration.py e validação do coletor.
Observação,tripinfo-output,FILE,arquivo,,Destino das informações individuais de viagem; vazio não solicita a saída.,<episodio>/raw/trips.xml.gz,<episodio>/raw/trips.xml.gz,Coleta selecionada por --metrics-profile core/full; ajuste individual em sumo_output_configuration.py e validação do coletor.
Observação,tripinfo-output.write-unfinished,BOOL,booleano,false,Inclui no Tripinfo os veículos que ainda não chegaram ao término da simulação.,true,true,Coleta selecionada por --metrics-profile core/full; ajuste individual em sumo_output_configuration.py e validação do coletor.
Observação,tripinfo-output.write-undeparted,BOOL,booleano,false,Inclui no Tripinfo os veículos que não partiram por atraso de inserção até o término.,true,true,Coleta selecionada por --metrics-profile core/full; ajuste individual em sumo_output_configuration.py e validação do coletor.
Observação,statistic-output,FILE,arquivo,,Destino das estatísticas finais da execução; vazio não solicita a saída.,<episodio>/raw/statistics.xml,<episodio>/raw/statistics.xml,Coleta selecionada por --metrics-profile core/full; ajuste individual em sumo_output_configuration.py e validação do coletor.
Observação,queue-output,FILE,arquivo,,Destino da observação nativa experimental das filas nas interseções; vazio não solicita a saída.,<episodio>/raw/queues.xml.gz,<episodio>/raw/queues.xml.gz,Coleta selecionada por --metrics-profile core/full; ajuste individual em sumo_output_configuration.py e validação do coletor.
Observação,queue-output.period,TIME,s,-1,"Período de observação das filas; -1 usa a cadência nativa por passo, atualmente 1 s.",-1,-1,Coleta selecionada por --metrics-profile core/full; ajuste individual em sumo_output_configuration.py e validação do coletor.
Observação,lanechange-output,FILE,arquivo,,Destino dos eventos de mudança de faixa e suas motivações; vazio não solicita a saída.,,<episodio>/raw/lanechanges.xml.gz,Coleta selecionada por --metrics-profile core/full; ajuste individual em sumo_output_configuration.py e validação do coletor.
Observação,collision-output,FILE,arquivo,,Destino dos eventos detalhados de colisão; vazio não solicita a saída.,,<episodio>/raw/collisions.xml.gz,Coleta selecionada por --metrics-profile core/full; ajuste individual em sumo_output_configuration.py e validação do coletor.
Observação,vehroute-output,FILE,arquivo,,Destino das rotas efetivamente observadas dos veículos; vazio não solicita a saída.,,<episodio>/raw/vehicle_routes.xml.gz,Coleta selecionada por --metrics-profile core/full; ajuste individual em sumo_output_configuration.py e validação do coletor.
Observação,vehroute-output.exit-times,BOOL,booleano,false,Inclui instantes de saída das vias no arquivo de rotas observadas.,false,true,Coleta selecionada por --metrics-profile core/full; ajuste individual em sumo_output_configuration.py e validação do coletor.
Observação,vehroute-output.route-length,BOOL,booleano,false,Inclui o comprimento total da rota no arquivo de rotas observadas.,false,true,Coleta selecionada por --metrics-profile core/full; ajuste individual em sumo_output_configuration.py e validação do coletor.
Observação,vehroute-output.write-unfinished,BOOL,booleano,false,Inclui no arquivo de rotas os veículos que não chegaram ao término.,false,true,Coleta selecionada por --metrics-profile core/full; ajuste individual em sumo_output_configuration.py e validação do coletor.
Observação,fcd-output,FILE,arquivo,,"Destino das observações de posição, velocidade e demais atributos de veículos por instante; vazio não solicita a saída.",,<episodio>/raw/fcd.xml.gz,Coleta selecionada por --metrics-profile core/full; ajuste individual em sumo_output_configuration.py e validação do coletor.
Observação,fcd-output.acceleration,BOOL,booleano,false,Inclui aceleração na saída FCD quando essa saída está habilitada.,false,true,Coleta selecionada por --metrics-profile core/full; ajuste individual em sumo_output_configuration.py e validação do coletor.
Observação,fcd-output.signals,BOOL,booleano,false,"Inclui sinais do veículo, como luz de freio, na saída FCD; não são estados dos semáforos.",false,true,Coleta selecionada por --metrics-profile core/full; ajuste individual em sumo_output_configuration.py e validação do coletor.
Observação,fcd-output.distance,BOOL,booleano,false,Inclui referência linear de distância na saída FCD.,false,true,Coleta selecionada por --metrics-profile core/full; ajuste individual em sumo_output_configuration.py e validação do coletor.
Observação,fcd-output.speed-relative,BOOL,booleano,false,Inclui velocidade do veículo dividida pelo limite da via na saída FCD.,false,true,Coleta selecionada por --metrics-profile core/full; ajuste individual em sumo_output_configuration.py e validação do coletor.
Observação,emission-output,FILE,arquivo,,Destino das emissões e consumo por veículo e instante; vazio não solicita a saída.,,<episodio>/raw/emissions.xml.gz,Coleta selecionada por --metrics-profile core/full; ajuste individual em sumo_output_configuration.py e validação do coletor.
Observação,emission-output.precision,INT,casas decimais,2,Precisão dos valores de emissões quando essa saída está habilitada.,2,8,Coleta selecionada por --metrics-profile core/full; ajuste individual em sumo_output_configuration.py e validação do coletor.
Observação,emission-output.step-scaled,BOOL,booleano,false,"Se true, escala emissões pela duração do passo; false mantém taxas por segundo. Alterar requer adequar a leitura do coletor.",false,false,Coleta selecionada por --metrics-profile core/full; ajuste individual em sumo_output_configuration.py e validação do coletor.
Observação,device.emissions.probability,FLOAT,probabilidade ou sentinela,-1,"Seleção de veículos com dispositivo de emissões para Tripinfo; -1 é sentinela nativa, não probabilidade negativa. O full solicita 1 para todos.",-1,1,Coleta selecionada por --metrics-profile core/full; ajuste individual em sumo_output_configuration.py e validação do coletor.
