categoria,metrica,nome,escopo,unidade,definicao,fonte_sumo,arquivo_resultado,perfis_coleta
Demanda e conclusão,vehicles_loaded,Veículos carregados pelo SUMO,global,veículos,"Total acumulado de veículos carregados pelo SUMO, incluindo os ainda não inseridos.",Summary: último contador acumulado,metrics.json: metrics[].metric_name,core e full
Demanda e conclusão,vehicles_inserted,Veículos inseridos na rede,global,veículos,Total acumulado de veículos que efetivamente iniciaram a circulação na rede.,Summary: último contador acumulado,metrics.json: metrics[].metric_name,core e full
Demanda e conclusão,vehicles_removed,Veículos removidos da rede,global,veículos,"Total acumulado de veículos retirados da rede, por chegada ou outra causa.",Summary: último contador acumulado,metrics.json: metrics[].metric_name,core e full
Demanda e conclusão,vehicles_completed,Veículos que chegaram ao destino,global,veículos,Total acumulado de chegadas ao destino registrado no resumo do SUMO.,Summary: último contador acumulado,metrics.json: metrics[].metric_name,core e full
Demanda e conclusão,vehicles_discarded,Veículos descartados na inserção,global,veículos,Total de veículos descartados pelo SUMO antes de serem inseridos na rede.,Summary: último contador acumulado,metrics.json: metrics[].metric_name,core e full
Demanda e conclusão,trip_records_unfinished,Viagens iniciadas sem chegada registrada,global,viagens,"Registros de viagem com partida válida e sem chegada até o encerramento, inclusive remoções com chegada negativa.","Tripinfo: classificação por depart, arrival e vaporized",metrics.json: metrics[].metric_name,core e full
Demanda e conclusão,trip_records_undeparted,Viagens registradas sem partida,global,viagens,Registros de viagem sem partida; não abrangem necessariamente toda a demanda futura planejada.,"Tripinfo: classificação por depart, arrival e vaporized",metrics.json: metrics[].metric_name,core e full
Demanda e conclusão,trip_records_vaporized,Viagens com remoção excepcional,global,viagens,Registros com partida e chegada não negativas e motivo de remoção excepcional indicado pelo SUMO.,"Tripinfo: classificação por depart, arrival e vaporized",metrics.json: metrics[].metric_name,core e full
Fluidez,completed_throughput_vehicles_per_hour,Vazão de viagens concluídas,global,veículos/h,"Veículos que chegaram ao destino por hora, calculados sobre toda a duração simulada observada.",Summary: arrived final e duração simulada observada,metrics.json: metrics[].metric_name,core e full
Tempos de viagem,completed_trip_duration_mean,Duração média de viagem (viagens concluídas),global,s,"Média do tempo decorrido desde a partida até o fim do registro de viagem, entre viagens concluídas. Exclui viagens sem chegada, sem partida ou com remoção excepcional; confira a contagem de amostras correspondente.",Tripinfo: viagens classificadas completed,metrics.json: metrics[].metric_name,core e full
Tempos de viagem,completed_trip_duration_max,Duração de viagem — máximo (viagens concluídas),global,s,"Maior valor do tempo decorrido desde a partida até o fim do registro de viagem, entre viagens concluídas. Exclui viagens sem chegada, sem partida ou com remoção excepcional; confira a contagem de amostras correspondente.",Tripinfo: viagens classificadas completed,metrics.json: metrics[].metric_name,full
Tempos de viagem,completed_trip_duration_sum,Duração de viagem — soma (viagens concluídas),global,s,"Soma do tempo decorrido desde a partida até o fim do registro de viagem, entre viagens concluídas. Exclui viagens sem chegada, sem partida ou com remoção excepcional; confira a contagem de amostras correspondente.",Tripinfo: viagens classificadas completed,metrics.json: metrics[].metric_name,full
Tempos de viagem,completed_trip_waiting_time_mean,Tempo médio de espera (viagens concluídas),global,s,"Média do tempo com velocidade até 0,1 m/s, excluindo paradas programadas e espera anterior à inserção, entre viagens concluídas. Exclui viagens sem chegada, sem partida ou com remoção excepcional; confira a contagem de amostras correspondente.",Tripinfo: viagens classificadas completed,metrics.json: metrics[].metric_name,core e full
Tempos de viagem,completed_trip_waiting_time_max,Tempo de espera no trânsito — máximo (viagens concluídas),global,s,"Maior valor do tempo com velocidade até 0,1 m/s, excluindo paradas programadas e espera anterior à inserção, entre viagens concluídas. Exclui viagens sem chegada, sem partida ou com remoção excepcional; confira a contagem de amostras correspondente.",Tripinfo: viagens classificadas completed,metrics.json: metrics[].metric_name,full
Tempos de viagem,completed_trip_waiting_time_sum,Tempo de espera no trânsito — soma (viagens concluídas),global,s,"Soma do tempo com velocidade até 0,1 m/s, excluindo paradas programadas e espera anterior à inserção, entre viagens concluídas. Exclui viagens sem chegada, sem partida ou com remoção excepcional; confira a contagem de amostras correspondente.",Tripinfo: viagens classificadas completed,metrics.json: metrics[].metric_name,full
Tempos de viagem,completed_trip_time_loss_mean,Tempo médio perdido (viagens concluídas),global,s,"Média do tempo perdido ao circular abaixo da velocidade ideal individual, excluindo paradas programadas, entre viagens concluídas. Exclui viagens sem chegada, sem partida ou com remoção excepcional; confira a contagem de amostras correspondente.",Tripinfo: viagens classificadas completed,metrics.json: metrics[].metric_name,core e full
Tempos de viagem,completed_trip_time_loss_max,Tempo perdido em relação à velocidade ideal — máximo (viagens concluídas),global,s,"Maior valor do tempo perdido ao circular abaixo da velocidade ideal individual, excluindo paradas programadas, entre viagens concluídas. Exclui viagens sem chegada, sem partida ou com remoção excepcional; confira a contagem de amostras correspondente.",Tripinfo: viagens classificadas completed,metrics.json: metrics[].metric_name,full
Tempos de viagem,completed_trip_time_loss_sum,Tempo perdido em relação à velocidade ideal — soma (viagens concluídas),global,s,"Soma do tempo perdido ao circular abaixo da velocidade ideal individual, excluindo paradas programadas, entre viagens concluídas. Exclui viagens sem chegada, sem partida ou com remoção excepcional; confira a contagem de amostras correspondente.",Tripinfo: viagens classificadas completed,metrics.json: metrics[].metric_name,full
Inserção,completed_trip_depart_delay_mean,Atraso médio de partida (viagens concluídas),global,s,"Média do tempo de espera antes da entrada efetiva do veículo na rede, entre viagens concluídas. Exclui viagens sem chegada, sem partida ou com remoção excepcional; confira a contagem de amostras correspondente.",Tripinfo: departDelay de viagens classificadas completed,metrics.json: metrics[].metric_name,core e full
Inserção,completed_trip_depart_delay_max,Atraso de partida — máximo (viagens concluídas),global,s,"Maior valor do tempo de espera antes da entrada efetiva do veículo na rede, entre viagens concluídas. Exclui viagens sem chegada, sem partida ou com remoção excepcional; confira a contagem de amostras correspondente.",Tripinfo: departDelay de viagens classificadas completed,metrics.json: metrics[].metric_name,full
Inserção,vehicles_waiting_insertion_mean,Veículos aguardando entrada na rede — média (passos observados),global,veículos,Média temporal do número de veículos cuja partida está atrasada por ainda não terem sido inseridos; cada passo válido tem o mesmo peso.,Summary: contagem de veículos a cada passo,metrics.json: metrics[].metric_name,core e full
Inserção,vehicles_waiting_insertion_max,Veículos aguardando entrada na rede — máximo (passos observados),global,veículos,"Maior valor do número de veículos cuja partida está atrasada por ainda não terem sido inseridos, entre passos observados.",Summary: contagem de veículos a cada passo,metrics.json: metrics[].metric_name,core e full
Espera no trânsito,completed_trip_waiting_count_mean,Ocorrências de espera no trânsito — média (viagens concluídas),global,eventos,"Média do número de vezes em que o veículo passou a ter velocidade até 0,1 m/s, entre viagens concluídas. Exclui viagens sem chegada, sem partida ou com remoção excepcional; confira a contagem de amostras correspondente.",Tripinfo: waitingCount de viagens classificadas completed,metrics.json: metrics[].metric_name,full
Distância percorrida,completed_trip_route_length_mean,Distância percorrida — média (viagens concluídas),global,m,"Média da distância percorrida no trecho observado da viagem, entre viagens concluídas. Exclui viagens sem chegada, sem partida ou com remoção excepcional; confira a contagem de amostras correspondente.",Tripinfo: routeLength de viagens classificadas completed,metrics.json: metrics[].metric_name,full
Distância percorrida,completed_trip_route_length_sum,Distância percorrida — soma (viagens concluídas),global,m,"Soma da distância percorrida no trecho observado da viagem, entre viagens concluídas. Exclui viagens sem chegada, sem partida ou com remoção excepcional; confira a contagem de amostras correspondente.",Tripinfo: routeLength de viagens classificadas completed,metrics.json: metrics[].metric_name,full
Paradas programadas,completed_trip_stop_time_mean,Tempo em paradas programadas — média (viagens concluídas),global,s,"Média do tempo gasto cumprindo paradas previstas no plano da viagem, entre viagens concluídas. Exclui viagens sem chegada, sem partida ou com remoção excepcional; confira a contagem de amostras correspondente.",Tripinfo: stopTime de viagens classificadas completed,metrics.json: metrics[].metric_name,full
Velocidade,network_mean_speed_m_s_mean,Velocidade média da rede — média (passos observados),global,m/s,"Média temporal da velocidade média por passo, excluindo veículos em parada programada e passos sem veículos; cada passo válido tem o mesmo peso.",Summary: meanSpeed por passo válido,metrics.json: metrics[].metric_name,core e full
Velocidade,network_mean_relative_speed_mean,Velocidade relativa média da rede — média (passos observados),global,1,"Média temporal da velocidade relativa média ao limite permitido por passo, excluindo paradas programadas e passos sem veículos; cada passo válido tem o mesmo peso.",Summary: meanSpeedRelative por passo válido,metrics.json: metrics[].metric_name,full
Retenção no trânsito,vehicles_halting_mean,Veículos parados no trânsito — média (passos observados),global,veículos,"Média temporal do número de veículos abaixo de 0,1 m/s, excluindo paradas programadas; não mede comprimento de fila; cada passo válido tem o mesmo peso.",Summary: contagem de veículos a cada passo,metrics.json: metrics[].metric_name,core e full
Retenção no trânsito,vehicles_halting_max,Veículos parados no trânsito — máximo (passos observados),global,veículos,"Maior valor do número de veículos abaixo de 0,1 m/s, excluindo paradas programadas; não mede comprimento de fila, entre passos observados.",Summary: contagem de veículos a cada passo,metrics.json: metrics[].metric_name,core e full
Ocupação da rede,vehicles_running_mean,Veículos em circulação — média (passos observados),global,veículos,Média temporal do número de veículos presentes na rede em cada passo; cada passo válido tem o mesmo peso.,Summary: contagem de veículos a cada passo,metrics.json: metrics[].metric_name,full
Ocupação da rede,vehicles_running_max,Veículos em circulação — máximo (passos observados),global,veículos,"Maior valor do número de veículos presentes na rede em cada passo, entre passos observados.",Summary: contagem de veículos a cada passo,metrics.json: metrics[].metric_name,full
Filas,network_queueing_length_lane_sum_mean,Soma dos comprimentos das filas por faixa — média (passos observados),global,m,"Média temporal da soma dos comprimentos das filas por faixa em cada passo, incluindo zero quando não há fila; não representa uma fila física única; cada passo válido tem o mesmo peso.",QueueOutput: soma de queueing_length nas faixas a cada passo,metrics.json: metrics[].metric_name,core e full
Filas,network_queueing_length_lane_sum_max,Soma dos comprimentos das filas por faixa — máximo (passos observados),global,m,"Maior valor da soma dos comprimentos das filas por faixa em cada passo, incluindo zero quando não há fila; não representa uma fila física única, entre passos observados.",QueueOutput: soma de queueing_length nas faixas a cada passo,metrics.json: metrics[].metric_name,core e full
Integridade,teleports,Teletransportes de veículos,global,eventos,Total acumulado de teletransportes registrado pelo SUMO durante o episódio.,Summary: último contador teleports,metrics.json: metrics[].metric_name,core e full
Integridade,sumo_teleports_jam,Teletransportes por congestionamento,global,eventos,Teletransportes atribuídos pelo SUMO a bloqueio por congestionamento.,"StatisticOutput: teleports por motivo, quando informado",metrics.json: metrics[].metric_name,core e full
Integridade,sumo_teleports_yield,Teletransportes por falta de passagem,global,eventos,Teletransportes por espera excessiva para obter passagem em uma via sem prioridade.,"StatisticOutput: teleports por motivo, quando informado",metrics.json: metrics[].metric_name,core e full
Integridade,sumo_teleports_wrong_lane,Teletransportes por faixa incompatível,global,eventos,Teletransportes de veículos presos em uma faixa sem conexão com a próxima via da rota.,"StatisticOutput: teleports por motivo, quando informado",metrics.json: metrics[].metric_name,core e full
Segurança,collisions,Veículos envolvidos em colisões,global,veículos,"Contador acumulado de veículos envolvidos em colisões, conforme o resumo do SUMO.",Summary: último contador collisions; veículos envolvidos,metrics.json: metrics[].metric_name,core e full
Segurança,sumo_safety_emergency_stops,Paradas de emergência,global,eventos,Quantidade de paradas de emergência registrada pelo SUMO.,"StatisticOutput: safety, quando informado",metrics.json: metrics[].metric_name,core e full
Segurança,sumo_safety_emergency_braking,Frenagens de emergência,global,eventos,Quantidade de frenagens de emergência registrada pelo SUMO.,"StatisticOutput: safety, quando informado",metrics.json: metrics[].metric_name,core e full
Mudanças de faixa,lane_change_events,Mudanças de faixa,global,eventos,Quantidade de eventos em que veículos passaram de uma faixa para outra.,LanechangeOutput: eventos change; atributos numéricos válidos,metrics.json: metrics[].metric_name,full
Mudanças de faixa,lane_change_speed_mean,Velocidade na mudança de faixa — média (mudanças de faixa),global,m/s,"Média da velocidade do veículo que mudou de faixa, entre mudanças de faixa.",LanechangeOutput: eventos change; atributos numéricos válidos,metrics.json: metrics[].metric_name,full
Mudanças de faixa,lane_change_leader_gap_mean,Distância ao veículo da frente na faixa destino — média (mudanças de faixa),global,m,"Média da distância entre para-choques até o veículo da frente na faixa destino, entre mudanças de faixa.",LanechangeOutput: eventos change; atributos numéricos válidos,metrics.json: metrics[].metric_name,full
Emissões e energia,completed_emission_co2_abs_sum,Emissão de CO₂ — soma (viagens concluídas),global,mg,"Soma da massa de dióxido de carbono emitida por viagem, entre viagens concluídas. Exclui viagens sem chegada, sem partida ou com remoção excepcional; confira a contagem de amostras correspondente. Estimativa do modelo SUMO, condicionada ao tipo e à classe de emissão do veículo.",Tripinfo: emissions com device.emissions.probability=1 no full,metrics.json: metrics[].metric_name,full
Emissões e energia,completed_emission_co_abs_sum,Emissão de CO — soma (viagens concluídas),global,mg,"Soma da massa de monóxido de carbono emitida por viagem, entre viagens concluídas. Exclui viagens sem chegada, sem partida ou com remoção excepcional; confira a contagem de amostras correspondente. Estimativa do modelo SUMO, condicionada ao tipo e à classe de emissão do veículo.",Tripinfo: emissions com device.emissions.probability=1 no full,metrics.json: metrics[].metric_name,full
Emissões e energia,completed_emission_hc_abs_sum,Emissão de hidrocarbonetos — soma (viagens concluídas),global,mg,"Soma da massa de hidrocarbonetos emitida por viagem, entre viagens concluídas. Exclui viagens sem chegada, sem partida ou com remoção excepcional; confira a contagem de amostras correspondente. Estimativa do modelo SUMO, condicionada ao tipo e à classe de emissão do veículo.",Tripinfo: emissions com device.emissions.probability=1 no full,metrics.json: metrics[].metric_name,full
Emissões e energia,completed_emission_n_ox_abs_sum,Emissão de óxidos de nitrogênio — soma (viagens concluídas),global,mg,"Soma da massa de óxidos de nitrogênio emitida por viagem, entre viagens concluídas. Exclui viagens sem chegada, sem partida ou com remoção excepcional; confira a contagem de amostras correspondente. Estimativa do modelo SUMO, condicionada ao tipo e à classe de emissão do veículo.",Tripinfo: emissions com device.emissions.probability=1 no full,metrics.json: metrics[].metric_name,full
Emissões e energia,completed_emission_p_mx_abs_sum,Emissão de material particulado — soma (viagens concluídas),global,mg,"Soma da massa de material particulado emitida por viagem, entre viagens concluídas. Exclui viagens sem chegada, sem partida ou com remoção excepcional; confira a contagem de amostras correspondente. Estimativa do modelo SUMO, condicionada ao tipo e à classe de emissão do veículo.",Tripinfo: emissions com device.emissions.probability=1 no full,metrics.json: metrics[].metric_name,full
Emissões e energia,completed_emission_fuel_abs_sum,Consumo de combustível — soma (viagens concluídas),global,mg,"Soma da massa de combustível consumida por viagem, entre viagens concluídas. Exclui viagens sem chegada, sem partida ou com remoção excepcional; confira a contagem de amostras correspondente. Estimativa do modelo SUMO, condicionada ao tipo e à classe de emissão do veículo.",Tripinfo: emissions com device.emissions.probability=1 no full,metrics.json: metrics[].metric_name,full
Emissões e energia,completed_emission_electricity_abs_sum,Consumo de energia elétrica — soma (viagens concluídas),global,Wh,"Soma da energia elétrica consumida, com valores negativos indicando recuperação por viagem, entre viagens concluídas. Exclui viagens sem chegada, sem partida ou com remoção excepcional; confira a contagem de amostras correspondente. Estimativa do modelo SUMO, condicionada ao tipo e à classe de emissão do veículo.",Tripinfo: emissions com device.emissions.probability=1 no full,metrics.json: metrics[].metric_name,full
Emissões e energia,network_emission_co2_rate_mean,Taxa na rede: emissão de CO₂ — média (passos observados),global,mg/s,"Média temporal da taxa de massa de dióxido de carbono emitida por segundo, somada entre os veículos presentes; cada passo válido tem o mesmo peso. Estimativa do modelo SUMO, condicionada ao tipo e à classe de emissão do veículo.",EmissionOutput: CO2 dos veículos somados a cada passo; passos vazios contribuem zero,metrics.json: metrics[].metric_name,full
Tráfego por faixa,traffic_speed_vehicle_seconds_weighted_mean,Velocidade média ponderada pela exposição,lanes,m/s,Soma de speed × sampledSeconds dividida pela soma de sampledSeconds da faixa; usa apenas intervalos com velocidade válida e exposição positiva. Inclui faixas internas. Não somar às vias correspondentes.,laneData: speed e sampledSeconds; intervalos de 1 s,entities.json.gz: entities.lanes.ID[].metric_name,full
Tráfego por faixa,traffic_density_mean,Densidade média por faixa,lanes,veículos/km,Média temporal da densidade na faixa; intervalos vazios omitidos contribuem zero. Inclui faixas internas. Não somar às vias correspondentes.,laneData: density; intervalos de 1 s,entities.json.gz: entities.lanes.ID[].metric_name,full
Tráfego por faixa,traffic_occupancy_mean,Ocupação média por faixa,lanes,%,Média temporal da ocupação da faixa; intervalos vazios omitidos contribuem zero. Inclui faixas internas.,laneData: occupancy; intervalos de 1 s,entities.json.gz: entities.lanes.ID[].metric_name,full
Tráfego por faixa,traffic_time_loss_sum,Tempo perdido acumulado na faixa,lanes,veículo·s,Soma de timeLoss dos intervalos observados na faixa. Intervalos vazios omitidos contribuem zero; valores negativos válidos são preservados. Não somar às vias correspondentes.,laneData: timeLoss; intervalos de 1 s,entities.json.gz: entities.lanes.ID[].metric_name,full
Tráfego por faixa,traffic_waiting_time_sum,Espera acumulada na faixa,lanes,veículo·s,Soma de waitingTime dos intervalos observados na faixa. Intervalos vazios omitidos contribuem zero. Não inclui espera anterior à inserção nem deve ser somada às vias correspondentes.,laneData: waitingTime; intervalos de 1 s,entities.json.gz: entities.lanes.ID[].metric_name,full
Tráfego por faixa,traffic_left_flow_per_hour,Fluxo de saída da faixa,lanes,veículos/h,"Soma de left × 3600 / duração observada dos intervalos. Conta saídas da faixa, incluindo passagens intermediárias; não equivale à vazão de chegadas ao destino.",laneData: left; intervalos de 1 s,entities.json.gz: entities.lanes.ID[].metric_name,full
Filas por faixa,queueing_length_mean,Comprimento médio da fila por faixa,lanes,m,Comprimento médio da fila da faixa ao longo dos passos observados. Ausência da faixa em um passo contribui zero. QueueOutput é uma observação nativa experimental.,QueueOutput: queueing_length,entities.json.gz: entities.lanes.ID[].metric_name,full
Filas por faixa,queueing_length_max,Comprimento máximo da fila por faixa,lanes,m,Comprimento máximo da fila da faixa ao longo dos passos observados. Ausência da faixa em um passo contribui zero. QueueOutput é uma observação nativa experimental.,QueueOutput: queueing_length,entities.json.gz: entities.lanes.ID[].metric_name,full
Semáforos,phase_changes,Mudanças de fase,traffic_lights,eventos,Quantidade de transições de programa ou índice de fase observadas no controlador; fases consecutivas com luzes iguais também contam. Observação a cada passo.,SaveTLSStates: programID e phase,entities.json.gz: entities.traffic_lights.ID[].metric_name,full
Semáforos,state_changes,Mudanças do estado das luzes,traffic_lights,eventos,Quantidade de mudanças da string de estados do controlador; distingue verde protegido G e permissivo g. Pode diferir de phase_changes quando fases têm estados iguais.,SaveTLSStates: state,entities.json.gz: entities.traffic_lights.ID[].metric_name,full
Trajetórias individuais,fcd_speed_mean,Velocidade média observada do veículo,vehicles,m/s,Média aritmética das velocidades válidas do veículo nos passos em que aparece no FCD. Descreve o trecho observado e inclui passos com velocidade zero.,FCD: speed,entities.json.gz: entities.vehicles.ID[].metric_name,full
Trajetórias individuais,fcd_acceleration_mean,Aceleração média observada do veículo,vehicles,m/s²,Média aritmética das acelerações do veículo nos passos observados; valores negativos representam desaceleração e são preservados.,"FCD: acceleration, habilitada no full",entities.json.gz: entities.vehicles.ID[].metric_name,full
Ruído,noise_db_equivalent,Nível sonoro equivalente do veículo,vehicles,dBA,"10 × log10(média(10 ** (noise/10))) nas amostras do veículo; média energética, não aritmética de dBA. Estimativa do modelo SUMO, não medição ambiental.",EmissionOutput: noise,entities.json.gz: entities.vehicles.ID[].metric_name,full
