configuration_name,interface,category,description,data_type,native_default,current_core,current_full,value_origin,source_file,modifiable,change_impact,currently_used,scientific_relevance,aliases_or_elements,constraints,source_reference,source_sha256,sumo_version,description_source,notes,information_type
builtin:DEFAULT_VEHTYPE.getAccel,builtin_vtype,passenger_baseline,"getAccel(string) -> double Returns the maximum acceleration in m/s^2 of this type. If called in the context of a person or vehicle, it will return the value for their current type. Use the respective object ID as typeID value in said context.",float,2.6,2.6,2.6,probe SUMO em t=0; read-only; sem veículo/step,default embutido; randomTrips define somente vClass=passenger,condicional,comportamento/população/modelo; nova variante experimental,default de referência para passenger,alta,,,traci.vehicletype.getAccel; https://sumo.dlr.de/docs/TraCI/VehicleType_Value_Retrieval.html,bfcdde0f3c7c998b055049c53ee56bcc010a47ce1765273f2d13fb341a56baee,Eclipse SUMO sumo 1.27.1,,"TraCI é usado apenas nesta auditoria opcional, nunca no runner de produção. Não representa distribuição individual de veículos nem todos parâmetros internos do modelo.",experimental
builtin:DEFAULT_VEHTYPE.getActionStepLength,builtin_vtype,passenger_baseline,"getActionStepLength(string) -> double Returns the action step length for this type. If called in the context of a person or vehicle, it will return the value for their current type. Use the respective object ID as typeID value in said context.",float,1.0,1.0,1.0,probe SUMO em t=0; read-only; sem veículo/step,default embutido; randomTrips define somente vClass=passenger,condicional,comportamento/população/modelo; nova variante experimental,default de referência para passenger,alta,,,traci.vehicletype.getActionStepLength; https://sumo.dlr.de/docs/TraCI/VehicleType_Value_Retrieval.html,bfcdde0f3c7c998b055049c53ee56bcc010a47ce1765273f2d13fb341a56baee,Eclipse SUMO sumo 1.27.1,,"TraCI é usado apenas nesta auditoria opcional, nunca no runner de produção. Não representa distribuição individual de veículos nem todos parâmetros internos do modelo.",experimental
builtin:DEFAULT_VEHTYPE.getApparentDecel,builtin_vtype,passenger_baseline,"getApparentDecel(string) -> double Returns the apparent deceleration in m/s^2 of this type. If called in the context of a person or vehicle, it will return the value for their current type. Use the respective object ID as typeID value in said context.",float,4.5,4.5,4.5,probe SUMO em t=0; read-only; sem veículo/step,default embutido; randomTrips define somente vClass=passenger,condicional,comportamento/população/modelo; nova variante experimental,default de referência para passenger,alta,,,traci.vehicletype.getApparentDecel; https://sumo.dlr.de/docs/TraCI/VehicleType_Value_Retrieval.html,bfcdde0f3c7c998b055049c53ee56bcc010a47ce1765273f2d13fb341a56baee,Eclipse SUMO sumo 1.27.1,,"TraCI é usado apenas nesta auditoria opcional, nunca no runner de produção. Não representa distribuição individual de veículos nem todos parâmetros internos do modelo.",experimental
builtin:DEFAULT_VEHTYPE.getDecel,builtin_vtype,passenger_baseline,"getDecel(string) -> double Returns the maximal comfortable deceleration in m/s^2 of this type. If called in the context of a person or vehicle, it will return the value for their current type. Use the respective object ID as typeID value in said context.",float,4.5,4.5,4.5,probe SUMO em t=0; read-only; sem veículo/step,default embutido; randomTrips define somente vClass=passenger,condicional,comportamento/população/modelo; nova variante experimental,default de referência para passenger,alta,,,traci.vehicletype.getDecel; https://sumo.dlr.de/docs/TraCI/VehicleType_Value_Retrieval.html,bfcdde0f3c7c998b055049c53ee56bcc010a47ce1765273f2d13fb341a56baee,Eclipse SUMO sumo 1.27.1,,"TraCI é usado apenas nesta auditoria opcional, nunca no runner de produção. Não representa distribuição individual de veículos nem todos parâmetros internos do modelo.",experimental
builtin:DEFAULT_VEHTYPE.getEmergencyDecel,builtin_vtype,passenger_baseline,"getEmergencyDecel(string) -> double Returns the maximal physically possible deceleration in m/s^2 of this type. If called in the context of a person or vehicle, it will return the value for their current type. Use the respective object ID as typeID value in said context.",float,9.0,9.0,9.0,probe SUMO em t=0; read-only; sem veículo/step,default embutido; randomTrips define somente vClass=passenger,condicional,comportamento/população/modelo; nova variante experimental,default de referência para passenger,alta,,,traci.vehicletype.getEmergencyDecel; https://sumo.dlr.de/docs/TraCI/VehicleType_Value_Retrieval.html,bfcdde0f3c7c998b055049c53ee56bcc010a47ce1765273f2d13fb341a56baee,Eclipse SUMO sumo 1.27.1,,"TraCI é usado apenas nesta auditoria opcional, nunca no runner de produção. Não representa distribuição individual de veículos nem todos parâmetros internos do modelo.",experimental
builtin:DEFAULT_VEHTYPE.getEmissionClass,builtin_vtype,passenger_baseline,"getEmissionClass(string) -> string Returns the emission class of this type. If called in the context of a person or vehicle, it will return the value for their current type. Use the respective object ID as typeID value in said context.",str,"""HBEFA4/PC_petrol_Euro-4""","""HBEFA4/PC_petrol_Euro-4""","""HBEFA4/PC_petrol_Euro-4""",probe SUMO em t=0; read-only; sem veículo/step,default embutido; randomTrips define somente vClass=passenger,condicional,comportamento/população/modelo; nova variante experimental,default de referência para passenger,alta,,,traci.vehicletype.getEmissionClass; https://sumo.dlr.de/docs/TraCI/VehicleType_Value_Retrieval.html,bfcdde0f3c7c998b055049c53ee56bcc010a47ce1765273f2d13fb341a56baee,Eclipse SUMO sumo 1.27.1,,"TraCI é usado apenas nesta auditoria opcional, nunca no runner de produção. Não representa distribuição individual de veículos nem todos parâmetros internos do modelo.",experimental
builtin:DEFAULT_VEHTYPE.getImpatience,builtin_vtype,passenger_baseline,getImpatience(string) -> double Returns the Impatience of this type,float,0.0,0.0,0.0,probe SUMO em t=0; read-only; sem veículo/step,default embutido; randomTrips define somente vClass=passenger,condicional,comportamento/população/modelo; nova variante experimental,default de referência para passenger,alta,,,traci.vehicletype.getImpatience; https://sumo.dlr.de/docs/TraCI/VehicleType_Value_Retrieval.html,bfcdde0f3c7c998b055049c53ee56bcc010a47ce1765273f2d13fb341a56baee,Eclipse SUMO sumo 1.27.1,,"TraCI é usado apenas nesta auditoria opcional, nunca no runner de produção. Não representa distribuição individual de veículos nem todos parâmetros internos do modelo.",experimental
builtin:DEFAULT_VEHTYPE.getImperfection,builtin_vtype,passenger_baseline,"getImperfection(string) -> double Returns the driver's imperfection for this type. If called in the context of a person or vehicle, it will return the value for their current type. Use the respective object ID as typeID value in said context.",float,0.5,0.5,0.5,probe SUMO em t=0; read-only; sem veículo/step,default embutido; randomTrips define somente vClass=passenger,condicional,comportamento/população/modelo; nova variante experimental,default de referência para passenger,alta,,,traci.vehicletype.getImperfection; https://sumo.dlr.de/docs/TraCI/VehicleType_Value_Retrieval.html,bfcdde0f3c7c998b055049c53ee56bcc010a47ce1765273f2d13fb341a56baee,Eclipse SUMO sumo 1.27.1,,"TraCI é usado apenas nesta auditoria opcional, nunca no runner de produção. Não representa distribuição individual de veículos nem todos parâmetros internos do modelo.",experimental
builtin:DEFAULT_VEHTYPE.getLength,builtin_vtype,passenger_baseline,"getLength(string) -> double Returns the length in m of this type. If called in the context of a person or vehicle, it will return the value for their current type. Use the respective object ID as typeID value in said context.",float,5.0,5.0,5.0,probe SUMO em t=0; read-only; sem veículo/step,default embutido; randomTrips define somente vClass=passenger,condicional,comportamento/população/modelo; nova variante experimental,default de referência para passenger,alta,,,traci.vehicletype.getLength; https://sumo.dlr.de/docs/TraCI/VehicleType_Value_Retrieval.html,bfcdde0f3c7c998b055049c53ee56bcc010a47ce1765273f2d13fb341a56baee,Eclipse SUMO sumo 1.27.1,,"TraCI é usado apenas nesta auditoria opcional, nunca no runner de produção. Não representa distribuição individual de veículos nem todos parâmetros internos do modelo.",experimental
builtin:DEFAULT_VEHTYPE.getMass,builtin_vtype,passenger_baseline,"getMass(string) -> double Returns the mass in kg of this type. If called in the context of a person or vehicle, it will return the value for their current type. Use the respective object ID as typeID value in said context.",float,1500.0,1500.0,1500.0,probe SUMO em t=0; read-only; sem veículo/step,default embutido; randomTrips define somente vClass=passenger,condicional,comportamento/população/modelo; nova variante experimental,default de referência para passenger,alta,,,traci.vehicletype.getMass; https://sumo.dlr.de/docs/TraCI/VehicleType_Value_Retrieval.html,bfcdde0f3c7c998b055049c53ee56bcc010a47ce1765273f2d13fb341a56baee,Eclipse SUMO sumo 1.27.1,,"TraCI é usado apenas nesta auditoria opcional, nunca no runner de produção. Não representa distribuição individual de veículos nem todos parâmetros internos do modelo.",experimental
builtin:DEFAULT_VEHTYPE.getMaxSpeed,builtin_vtype,passenger_baseline,"getMaxSpeed(string) -> double Returns the maximum speed in m/s of this type. If called in the context of a person or vehicle, it will return the value for their current type. Use the respective object ID as typeID value in said context.",float,55.55555555555556,55.55555555555556,55.55555555555556,probe SUMO em t=0; read-only; sem veículo/step,default embutido; randomTrips define somente vClass=passenger,condicional,comportamento/população/modelo; nova variante experimental,default de referência para passenger,alta,,,traci.vehicletype.getMaxSpeed; https://sumo.dlr.de/docs/TraCI/VehicleType_Value_Retrieval.html,bfcdde0f3c7c998b055049c53ee56bcc010a47ce1765273f2d13fb341a56baee,Eclipse SUMO sumo 1.27.1,,"TraCI é usado apenas nesta auditoria opcional, nunca no runner de produção. Não representa distribuição individual de veículos nem todos parâmetros internos do modelo.",experimental
builtin:DEFAULT_VEHTYPE.getMinGap,builtin_vtype,passenger_baseline,"getMinGap(string) -> double Returns the offset (gap to front vehicle if halting) of this type. If called in the context of a person or vehicle, it will return the value for their current type. Use the respective object ID as typeID value in said context.",float,2.5,2.5,2.5,probe SUMO em t=0; read-only; sem veículo/step,default embutido; randomTrips define somente vClass=passenger,condicional,comportamento/população/modelo; nova variante experimental,default de referência para passenger,alta,,,traci.vehicletype.getMinGap; https://sumo.dlr.de/docs/TraCI/VehicleType_Value_Retrieval.html,bfcdde0f3c7c998b055049c53ee56bcc010a47ce1765273f2d13fb341a56baee,Eclipse SUMO sumo 1.27.1,,"TraCI é usado apenas nesta auditoria opcional, nunca no runner de produção. Não representa distribuição individual de veículos nem todos parâmetros internos do modelo.",experimental
builtin:DEFAULT_VEHTYPE.getSpeedDeviation,builtin_vtype,passenger_baseline,"getSpeedDeviation(string) -> double Returns the maximum speed deviation of this type. If called in the context of a person or vehicle, it will return the value for their current type. Use the respective object ID as typeID value in said context.",float,0.1,0.1,0.1,probe SUMO em t=0; read-only; sem veículo/step,default embutido; randomTrips define somente vClass=passenger,condicional,comportamento/população/modelo; nova variante experimental,default de referência para passenger,alta,,,traci.vehicletype.getSpeedDeviation; https://sumo.dlr.de/docs/TraCI/VehicleType_Value_Retrieval.html,bfcdde0f3c7c998b055049c53ee56bcc010a47ce1765273f2d13fb341a56baee,Eclipse SUMO sumo 1.27.1,,"TraCI é usado apenas nesta auditoria opcional, nunca no runner de produção. Não representa distribuição individual de veículos nem todos parâmetros internos do modelo.",experimental
builtin:DEFAULT_VEHTYPE.getSpeedFactor,builtin_vtype,passenger_baseline,"getSpeedFactor(string) -> double Returns the speed factor of this type. If called in the context of a person or vehicle, it will return the value for their current type. Use the respective object ID as typeID value in said context.",float,1.0,1.0,1.0,probe SUMO em t=0; read-only; sem veículo/step,default embutido; randomTrips define somente vClass=passenger,condicional,comportamento/população/modelo; nova variante experimental,default de referência para passenger,alta,,,traci.vehicletype.getSpeedFactor; https://sumo.dlr.de/docs/TraCI/VehicleType_Value_Retrieval.html,bfcdde0f3c7c998b055049c53ee56bcc010a47ce1765273f2d13fb341a56baee,Eclipse SUMO sumo 1.27.1,,"TraCI é usado apenas nesta auditoria opcional, nunca no runner de produção. Não representa distribuição individual de veículos nem todos parâmetros internos do modelo.",experimental
builtin:DEFAULT_VEHTYPE.getTau,builtin_vtype,passenger_baseline,"getTau(string) -> double Returns the driver's desired headway in s for this type. If called in the context of a person or vehicle, it will return the value for their current type. Use the respective object ID as typeID value in said context.",float,1.0,1.0,1.0,probe SUMO em t=0; read-only; sem veículo/step,default embutido; randomTrips define somente vClass=passenger,condicional,comportamento/população/modelo; nova variante experimental,default de referência para passenger,alta,,,traci.vehicletype.getTau; https://sumo.dlr.de/docs/TraCI/VehicleType_Value_Retrieval.html,bfcdde0f3c7c998b055049c53ee56bcc010a47ce1765273f2d13fb341a56baee,Eclipse SUMO sumo 1.27.1,,"TraCI é usado apenas nesta auditoria opcional, nunca no runner de produção. Não representa distribuição individual de veículos nem todos parâmetros internos do modelo.",experimental
builtin:DEFAULT_VEHTYPE.getWidth,builtin_vtype,passenger_baseline,"getWidth(string) -> double Returns the width in m of this type. If called in the context of a person or vehicle, it will return the value for their current type. Use the respective object ID as typeID value in said context.",float,1.8,1.8,1.8,probe SUMO em t=0; read-only; sem veículo/step,default embutido; randomTrips define somente vClass=passenger,condicional,comportamento/população/modelo; nova variante experimental,default de referência para passenger,alta,,,traci.vehicletype.getWidth; https://sumo.dlr.de/docs/TraCI/VehicleType_Value_Retrieval.html,bfcdde0f3c7c998b055049c53ee56bcc010a47ce1765273f2d13fb341a56baee,Eclipse SUMO sumo 1.27.1,,"TraCI é usado apenas nesta auditoria opcional, nunca no runner de produção. Não representa distribuição individual de veículos nem todos parâmetros internos do modelo.",experimental
builtin:network.omitted_lane_width,builtin_network,network,Larguras efetivas das faixas que omitem width no XML; consulta em t=0.,float[],[3.2],[3.2],[3.2],probe SUMO t=0; todas as faixas sem width explícito,SistemaDeSemaforos/network/uberlandia.vehicular.families.16_2_4.net.xml,não,largura é parte do cenário; não mudar para otimizar execução,sim,alta: geometria física,,,traci.lane.getWidth; rede original,46e7c4a4627cd511d419c01f15d65f66724941ac83360c4fc424b86626a5c10b,Eclipse SUMO sumo 1.27.1,,8336 faixas verificadas; unidade m; sem avanço de simulação.,estrutural
duarouter:alternatives-output,duarouter,output,Write generated route alternatives to FILE,FILE,,NUL,NUL,override pipeline,/usr/share/sumo/tools/randomTrips.py,sim,diagnóstico/armazenamento/interface; comparar custo e dados preservados,sim: override do pipeline,operacional,alternatives,,duarouter --save-template -; https://sumo.dlr.de/docs/duarouter.html,6b8d1b78af55794bf8560a924e3a0265caf57716e4c46645d981ac2adbb953a0,Eclipse SUMO sumo 1.27.1,,Descrição e default literais do template instalado; vazio significa valor não definido.,operacional
duarouter:begin,duarouter,time,Defines the begin time; Previous trips will be discarded,TIME,0,0,0,override pipeline,/usr/share/sumo/tools/randomTrips.py,condicional,pode mudar resultados; declarar variante e validar antes de alterar baseline,sim: override do pipeline,alta se recurso ativo,b,,duarouter --save-template -; https://sumo.dlr.de/docs/duarouter.html,6b8d1b78af55794bf8560a924e3a0265caf57716e4c46645d981ac2adbb953a0,Eclipse SUMO sumo 1.27.1,,Descrição e default literais do template instalado; vazio significa valor não definido.,experimental
duarouter:end,duarouter,time,Defines the end time; Later trips will be discarded; Defaults to the maximum time that SUMO can represent,TIME,-1,7200,7200,override pipeline,/usr/share/sumo/tools/randomTrips.py,condicional,pode mudar resultados; declarar variante e validar antes de alterar baseline,sim: override do pipeline,alta se recurso ativo,e,,duarouter --save-template -; https://sumo.dlr.de/docs/duarouter.html,6b8d1b78af55794bf8560a924e3a0265caf57716e4c46645d981ac2adbb953a0,Eclipse SUMO sumo 1.27.1,,Descrição e default literais do template instalado; vazio significa valor não definido.,experimental
duarouter:ignore-errors,duarouter,report,Continue if a route could not be build,BOOL,false,true,true,override pipeline,/usr/share/sumo/tools/randomTrips.py,sim,diagnóstico/armazenamento/interface; comparar custo e dados preservados,sim: override do pipeline,operacional,continue-on-unbuild dismiss-loading-errors,continue-on-unbuild dismiss-loading-errors,duarouter --save-template -; https://sumo.dlr.de/docs/duarouter.html,6b8d1b78af55794bf8560a924e3a0265caf57716e4c46645d981ac2adbb953a0,Eclipse SUMO sumo 1.27.1,,Descrição e default literais do template instalado; vazio significa valor não definido.,operacional
duarouter:net-file,duarouter,input,Use FILE as SUMO-network to route on,FILE,,<baseline>/network.net.xml,<baseline>/network.net.xml,override pipeline,/usr/share/sumo/tools/randomTrips.py,condicional,pode mudar resultados; declarar variante e validar antes de alterar baseline,sim: override do pipeline,alta se recurso ativo,n net,,duarouter --save-template -; https://sumo.dlr.de/docs/duarouter.html,6b8d1b78af55794bf8560a924e3a0265caf57716e4c46645d981ac2adbb953a0,Eclipse SUMO sumo 1.27.1,,Descrição e default literais do template instalado; vazio significa valor não definido.,estrutural
duarouter:no-step-log,duarouter,report,Disable console output of route parsing step,BOOL,false,true,true,override pipeline,/usr/share/sumo/tools/randomTrips.py,sim,diagnóstico/armazenamento/interface; comparar custo e dados preservados,sim: override do pipeline,operacional,,,duarouter --save-template -; https://sumo.dlr.de/docs/duarouter.html,6b8d1b78af55794bf8560a924e3a0265caf57716e4c46645d981ac2adbb953a0,Eclipse SUMO sumo 1.27.1,,Descrição e default literais do template instalado; vazio significa valor não definido.,operacional
duarouter:no-warnings,duarouter,report,Disables output of warnings,BOOL,false,true,true,override pipeline,/usr/share/sumo/tools/randomTrips.py,sim,diagnóstico/armazenamento/interface; comparar custo e dados preservados,sim: override do pipeline,operacional,W suppress-warnings,suppress-warnings,duarouter --save-template -; https://sumo.dlr.de/docs/duarouter.html,6b8d1b78af55794bf8560a924e3a0265caf57716e4c46645d981ac2adbb953a0,Eclipse SUMO sumo 1.27.1,,Descrição e default literais do template instalado; vazio significa valor não definido.,operacional
duarouter:output-file,duarouter,output,Write generated routes to FILE,FILE,,<temporary>/random.rou.xml; validação: <temporary>/random.trips.xml.tmp,<temporary>/random.rou.xml; validação: <temporary>/random.trips.xml.tmp,override pipeline,/usr/share/sumo/tools/randomTrips.py,sim,diagnóstico/armazenamento/interface; comparar custo e dados preservados,sim: override do pipeline,operacional,o output,,duarouter --save-template -; https://sumo.dlr.de/docs/duarouter.html,6b8d1b78af55794bf8560a924e3a0265caf57716e4c46645d981ac2adbb953a0,Eclipse SUMO sumo 1.27.1,,Descrição e default literais do template instalado; vazio significa valor não definido.,operacional
duarouter:route-files,duarouter,input,"Read sumo routes, alternatives, flows, and trips from FILE(s)",FILE,,<temporary>/random.trips.xml,<temporary>/random.trips.xml,override pipeline,/usr/share/sumo/tools/randomTrips.py,condicional,pode mudar resultados; declarar variante e validar antes de alterar baseline,sim: override do pipeline,alta se recurso ativo,alternative-files alternatives-files f flow-files flows r t trip-files trips,alternative-files alternatives-files f flow-files flows t trip-files trips,duarouter --save-template -; https://sumo.dlr.de/docs/duarouter.html,6b8d1b78af55794bf8560a924e3a0265caf57716e4c46645d981ac2adbb953a0,Eclipse SUMO sumo 1.27.1,,Descrição e default literais do template instalado; vazio significa valor não definido.,experimental
duarouter:write-trips,duarouter,output,Write trips instead of vehicles (for validating trip input),BOOL,false,false no roteamento; true na validação,false no roteamento; true na validação,override pipeline,/usr/share/sumo/tools/randomTrips.py,sim,diagnóstico/armazenamento/interface; comparar custo e dados preservados,sim: override do pipeline,operacional,,,duarouter --save-template -; https://sumo.dlr.de/docs/duarouter.html,6b8d1b78af55794bf8560a924e3a0265caf57716e4c46645d981ac2adbb953a0,Eclipse SUMO sumo 1.27.1,,Descrição e default literais do template instalado; vazio significa valor não definido.,operacional
project:generator.duration,project,generator,"Duração da janela de geração de partidas, em segundos; não limita o término da simulação.",float,7200.0,7200.0,7200.0,argparse do código atual,SistemaDeSemaforos/demand/random_demand_generator.py,condicional,altera condições do episódio; registrar e comparar como variante,sim,alta para rastreabilidade,--duration,choices=None,docs/guias/GUIA_DE_FUNCIONAMENTO.md,3e86061a6800524a1503581e712cdbb8b91740cc2905fc0e5bd88edc50b50e55,Eclipse SUMO sumo 1.27.1,,None indica ausência de override. Seed do gerador é distinta da seed interna do SUMO.,experimental
project:generator.net-file,project,generator,Arquivo de rede de entrada; trocar este arquivo muda a definição do cenário.,Path,SistemaDeSemaforos/network/uberlandia.vehicular.families.16_2_4.net.xml,SistemaDeSemaforos/network/uberlandia.vehicular.families.16_2_4.net.xml,SistemaDeSemaforos/network/uberlandia.vehicular.families.16_2_4.net.xml,argparse do código atual,SistemaDeSemaforos/demand/random_demand_generator.py,condicional,altera condições do episódio; registrar e comparar como variante,sim,alta para rastreabilidade,--net-file,choices=None,docs/guias/GUIA_DE_FUNCIONAMENTO.md,3e86061a6800524a1503581e712cdbb8b91740cc2905fc0e5bd88edc50b50e55,Eclipse SUMO sumo 1.27.1,,None indica ausência de override. Seed do gerador é distinta da seed interna do SUMO.,estrutural
project:generator.output-dir,project,generator,Diretório de destino; runner exige localização sob outputs/outputs-random.,Path,SistemaDeSemaforos/demandas,SistemaDeSemaforos/demandas,SistemaDeSemaforos/demandas,argparse do código atual,SistemaDeSemaforos/demand/random_demand_generator.py,sim,operação/observabilidade,sim,alta para rastreabilidade,--output-dir,choices=None,docs/guias/GUIA_DE_FUNCIONAMENTO.md,3e86061a6800524a1503581e712cdbb8b91740cc2905fc0e5bd88edc50b50e55,Eclipse SUMO sumo 1.27.1,,None indica ausência de override. Seed do gerador é distinta da seed interna do SUMO.,operacional
project:generator.period,project,generator,"Intervalo entre partidas solicitadas, em segundos; duração/período define a demanda prevista.",float,1.5,1.5,1.5,argparse do código atual,SistemaDeSemaforos/demand/random_demand_generator.py,condicional,altera condições do episódio; registrar e comparar como variante,sim,alta para rastreabilidade,--period,choices=None,docs/guias/GUIA_DE_FUNCIONAMENTO.md,3e86061a6800524a1503581e712cdbb8b91740cc2905fc0e5bd88edc50b50e55,Eclipse SUMO sumo 1.27.1,,None indica ausência de override. Seed do gerador é distinta da seed interna do SUMO.,experimental
project:generator.seed,project,generator,Seed da geração random; ausência sorteia um inteiro. É distinta da seed interna do SUMO.,int,None,None,None,argparse do código atual,SistemaDeSemaforos/demand/random_demand_generator.py,condicional,altera condições do episódio; registrar e comparar como variante,sim,alta para rastreabilidade,--seed,choices=None,docs/guias/GUIA_DE_FUNCIONAMENTO.md,3e86061a6800524a1503581e712cdbb8b91740cc2905fc0e5bd88edc50b50e55,Eclipse SUMO sumo 1.27.1,,None indica ausência de override. Seed do gerador é distinta da seed interna do SUMO.,experimental
project:runner.duration,project,runner,"Duração da janela de geração de partidas, em segundos; não limita o término da simulação.",float,7200.0,7200.0,7200.0,argparse do código atual,SistemaDeSemaforos/simulation/episode_runner.py,condicional,altera condições do episódio; registrar e comparar como variante,sim,alta para rastreabilidade,--duration,choices=None,docs/guias/GUIA_DE_FUNCIONAMENTO.md,b9fdc341e23218307cba2c247a5d679753c8555783cd7428fb2c65a05b4bffc4,Eclipse SUMO sumo 1.27.1,,None indica ausência de override. Seed do gerador é distinta da seed interna do SUMO.,experimental
project:runner.end,project,runner,"Instante limite de tempo simulado, em segundos; ausência permite esgotamento natural da demanda.",float,None,None,None,argparse do código atual,SistemaDeSemaforos/simulation/episode_runner.py,condicional,altera condições do episódio; registrar e comparar como variante,sim,alta para rastreabilidade,--end,choices=None,docs/guias/GUIA_DE_FUNCIONAMENTO.md,b9fdc341e23218307cba2c247a5d679753c8555783cd7428fb2c65a05b4bffc4,Eclipse SUMO sumo 1.27.1,,None indica ausência de override. Seed do gerador é distinta da seed interna do SUMO.,experimental
project:runner.episodes,project,runner,Quantidade de episódios independentes e sequenciais a executar.,int,1,1,1,argparse do código atual,SistemaDeSemaforos/simulation/episode_runner.py,sim,operação/observabilidade,sim,alta para rastreabilidade,--episodes,choices=None,docs/guias/GUIA_DE_FUNCIONAMENTO.md,b9fdc341e23218307cba2c247a5d679753c8555783cd7428fb2c65a05b4bffc4,Eclipse SUMO sumo 1.27.1,,None indica ausência de override. Seed do gerador é distinta da seed interna do SUMO.,operacional
project:runner.gui,project,runner,"Seleciona sumo-gui, com início e encerramento automáticos por episódio.",bool,False,False,False,argparse do código atual,SistemaDeSemaforos/simulation/episode_runner.py,sim,operação/observabilidade,sim,alta para rastreabilidade,--gui,choices=None,docs/guias/GUIA_DE_FUNCIONAMENTO.md,b9fdc341e23218307cba2c247a5d679753c8555783cd7428fb2c65a05b4bffc4,Eclipse SUMO sumo 1.27.1,,None indica ausência de override. Seed do gerador é distinta da seed interna do SUMO.,operacional
project:runner.metrics-profile,project,runner,core: observações padrão; full: inclui séries por via/faixa/veículo.,str,core,core,full,argparse do código atual,SistemaDeSemaforos/simulation/episode_runner.py,sim,operação/observabilidade,sim,alta para rastreabilidade,--metrics-profile,"choices=('core', 'full')",docs/guias/GUIA_DE_FUNCIONAMENTO.md,b9fdc341e23218307cba2c247a5d679753c8555783cd7428fb2c65a05b4bffc4,Eclipse SUMO sumo 1.27.1,,None indica ausência de override. Seed do gerador é distinta da seed interna do SUMO.,operacional
project:runner.net-file,project,runner,Arquivo de rede de entrada; trocar este arquivo muda a definição do cenário.,Path,SistemaDeSemaforos/network/uberlandia.vehicular.families.16_2_4.net.xml,SistemaDeSemaforos/network/uberlandia.vehicular.families.16_2_4.net.xml,SistemaDeSemaforos/network/uberlandia.vehicular.families.16_2_4.net.xml,argparse do código atual,SistemaDeSemaforos/simulation/episode_runner.py,condicional,altera condições do episódio; registrar e comparar como variante,sim,alta para rastreabilidade,--net-file,choices=None,docs/guias/GUIA_DE_FUNCIONAMENTO.md,b9fdc341e23218307cba2c247a5d679753c8555783cd7428fb2c65a05b4bffc4,Eclipse SUMO sumo 1.27.1,,None indica ausência de override. Seed do gerador é distinta da seed interna do SUMO.,estrutural
project:runner.output-dir,project,runner,Diretório de destino; runner exige localização sob outputs/outputs-random.,Path,outputs/outputs-random,outputs/outputs-random,outputs/outputs-random,argparse do código atual,SistemaDeSemaforos/simulation/episode_runner.py,sim,operação/observabilidade,sim,alta para rastreabilidade,--output-dir,choices=None,docs/guias/GUIA_DE_FUNCIONAMENTO.md,b9fdc341e23218307cba2c247a5d679753c8555783cd7428fb2c65a05b4bffc4,Eclipse SUMO sumo 1.27.1,,None indica ausência de override. Seed do gerador é distinta da seed interna do SUMO.,operacional
project:runner.period,project,runner,"Intervalo entre partidas solicitadas, em segundos; duração/período define a demanda prevista.",float,1.5,1.5,1.5,argparse do código atual,SistemaDeSemaforos/simulation/episode_runner.py,condicional,altera condições do episódio; registrar e comparar como variante,sim,alta para rastreabilidade,--period,choices=None,docs/guias/GUIA_DE_FUNCIONAMENTO.md,b9fdc341e23218307cba2c247a5d679753c8555783cd7428fb2c65a05b4bffc4,Eclipse SUMO sumo 1.27.1,,None indica ausência de override. Seed do gerador é distinta da seed interna do SUMO.,experimental
project:runner.settran-intersection,project,runner,"Nome exato da interseção na fonte; repetível. Sem essa opção, todas as interseções do plano devem estar prontas.",NoneType,None,None,None,argparse do código atual,SistemaDeSemaforos/simulation/episode_runner.py,condicional,altera condições do episódio; registrar e comparar como variante,sim,alta para rastreabilidade,--settran-intersection,choices=None,docs/guias/GUIA_DE_FUNCIONAMENTO.md,b9fdc341e23218307cba2c247a5d679753c8555783cd7428fb2c65a05b4bffc4,Eclipse SUMO sumo 1.27.1,,"Demanda e perfil semafórico são independentes. O conversor de programas SETTRAN está implementado; valida cada plano, interseção/TLS e requisito operacional antes da simulação. Nenhum plano real está seguro para execução atualmente: faltam intervalos luminosos, permissões e referência da defasagem. Teste fixo exige --settran-plan explícito e dispensa agenda; não há troca automática. --settran-intersection aceita o nome exato da fonte e pode ser repetido; nesse recorte explícito, os demais TLS mantêm current. Sem recorte, todas as interseções do plano devem estar prontas. Lacunas em docs/guias/GUIA_DE_FUNCIONAMENTO.md.",experimental
project:runner.settran-plan,project,runner,ID oficial para testar um plano SETTRAN fixo; sem escolha presumida.,str,None,None,None,argparse do código atual,SistemaDeSemaforos/simulation/episode_runner.py,condicional,altera condições do episódio; registrar e comparar como variante,sim,alta para rastreabilidade,--settran-plan,choices=None,docs/guias/GUIA_DE_FUNCIONAMENTO.md,b9fdc341e23218307cba2c247a5d679753c8555783cd7428fb2c65a05b4bffc4,Eclipse SUMO sumo 1.27.1,,"Demanda e perfil semafórico são independentes. O conversor de programas SETTRAN está implementado; valida cada plano, interseção/TLS e requisito operacional antes da simulação. Nenhum plano real está seguro para execução atualmente: faltam intervalos luminosos, permissões e referência da defasagem. Teste fixo exige --settran-plan explícito e dispensa agenda; não há troca automática. --settran-intersection aceita o nome exato da fonte e pode ser repetido; nesse recorte explícito, os demais TLS mantêm current. Sem recorte, todas as interseções do plano devem estar prontas. Lacunas em docs/guias/GUIA_DE_FUNCIONAMENTO.md.",experimental
project:runner.signal-profile,project,runner,current: programas do mapa; settran: plano fixo validado por interseção/TLS.,str,current,current,current,argparse do código atual,SistemaDeSemaforos/simulation/episode_runner.py,condicional,altera condições do episódio; registrar e comparar como variante,sim,alta para rastreabilidade,--signal-profile,"choices=('current', 'settran')",docs/guias/GUIA_DE_FUNCIONAMENTO.md,b9fdc341e23218307cba2c247a5d679753c8555783cd7428fb2c65a05b4bffc4,Eclipse SUMO sumo 1.27.1,,"Demanda e perfil semafórico são independentes. O conversor de programas SETTRAN está implementado; valida cada plano, interseção/TLS e requisito operacional antes da simulação. Nenhum plano real está seguro para execução atualmente: faltam intervalos luminosos, permissões e referência da defasagem. Teste fixo exige --settran-plan explícito e dispensa agenda; não há troca automática. --settran-intersection aceita o nome exato da fonte e pode ser repetido; nesse recorte explícito, os demais TLS mantêm current. Sem recorte, todas as interseções do plano devem estar prontas. Lacunas em docs/guias/GUIA_DE_FUNCIONAMENTO.md.",experimental
provenance:sumo.installation,summary,provenance,Versão e hash do executável usado para conferir defaults e contratos; não é configuração editável.,string,,Eclipse SUMO sumo 1.27.1,Eclipse SUMO sumo 1.27.1,sumo --version; SHA-256 do binário,/usr/bin/sumo,não; regenerar ao trocar instalação,Troca de versão exige reauditoria e registro experimental.,sim,reprodução,,,sumo --version,bfcdde0f3c7c998b055049c53ee56bcc010a47ce1765273f2d13fb341a56baee,Eclipse SUMO sumo 1.27.1,,Referência completa: docs/catalogos/configuration_reference.csv (2008 entradas). Capacidades catalogadas não são automaticamente flags do CLI do projeto.,metadado_proveniencia
randomTrips:begin,randomTrips,flow,begin time,time,0,0,0,override generator,SistemaDeSemaforos/demand/random_demand_generator.py,condicional,pode alterar população/rotas/tempos; preservar seed e declarar variante de demanda,sim: explícita,alta para distribuição da demanda,,required=false; separator=,https://sumo.dlr.de/docs/Tools/Trip.html; randomTrips.py --save-template,5bbfa618b6c3bf5c7166d5128175e95a69ef0476d1ba3d543138f4e1fe79d886,Eclipse SUMO sumo 1.27.1,,Default nativo não é default do projeto. Opções duarouter podem ser encaminhadas com prefixo duarouter.; marouter não usado.,experimental
randomTrips:end,randomTrips,flow,end time (default 3600),time,3600,7200.0,7200.0,override generator,SistemaDeSemaforos/demand/random_demand_generator.py,condicional,pode alterar população/rotas/tempos; preservar seed e declarar variante de demanda,sim: explícita,alta para distribuição da demanda,,required=false; separator=,https://sumo.dlr.de/docs/Tools/Trip.html; randomTrips.py --save-template,5bbfa618b6c3bf5c7166d5128175e95a69ef0476d1ba3d543138f4e1fe79d886,Eclipse SUMO sumo 1.27.1,,Default nativo não é default do projeto. Opções duarouter podem ser encaminhadas com prefixo duarouter.; marouter não usado.,experimental
randomTrips:net-file,randomTrips,input,define the net file (mandatory),net_file,None,<baseline>/network.net.xml,<baseline>/network.net.xml,override generator,SistemaDeSemaforos/demand/random_demand_generator.py,condicional,pode alterar população/rotas/tempos; preservar seed e declarar variante de demanda,sim: explícita,alta para distribuição da demanda,,required=true; separator=,https://sumo.dlr.de/docs/Tools/Trip.html; randomTrips.py --save-template,5bbfa618b6c3bf5c7166d5128175e95a69ef0476d1ba3d543138f4e1fe79d886,Eclipse SUMO sumo 1.27.1,,Default nativo não é default do projeto. Opções duarouter podem ser encaminhadas com prefixo duarouter.; marouter não usado.,estrutural
randomTrips:output-trip-file,randomTrips,output,define the output trip filename,route_file,trips.trips.xml,<temporary>/random.trips.xml,<temporary>/random.trips.xml,override generator,SistemaDeSemaforos/demand/random_demand_generator.py,condicional,pode alterar população/rotas/tempos; preservar seed e declarar variante de demanda,sim: explícita,alta para distribuição da demanda,,required=false; separator=,https://sumo.dlr.de/docs/Tools/Trip.html; randomTrips.py --save-template,5bbfa618b6c3bf5c7166d5128175e95a69ef0476d1ba3d543138f4e1fe79d886,Eclipse SUMO sumo 1.27.1,,Default nativo não é default do projeto. Opções duarouter podem ser encaminhadas com prefixo duarouter.; marouter não usado.,operacional
randomTrips:period,randomTrips,flow,"Generate vehicles with equidistant departure times and period=FLOAT (default 1.0). If option --binomial is used, the expected arrival rate is set to 1/period.",string,None,1.5,1.5,override generator,SistemaDeSemaforos/demand/random_demand_generator.py,condicional,pode alterar população/rotas/tempos; preservar seed e declarar variante de demanda,sim: explícita,alta para distribuição da demanda,,required=false; separator= ,https://sumo.dlr.de/docs/Tools/Trip.html; randomTrips.py --save-template,5bbfa618b6c3bf5c7166d5128175e95a69ef0476d1ba3d543138f4e1fe79d886,Eclipse SUMO sumo 1.27.1,,Default nativo não é default do projeto. Opções duarouter podem ser encaminhadas com prefixo duarouter.; marouter não usado.,experimental
randomTrips:route-file,randomTrips,output,generates route file with duarouter,route_file,None,<temporary>/random.rou.xml,<temporary>/random.rou.xml,override generator,SistemaDeSemaforos/demand/random_demand_generator.py,condicional,pode alterar população/rotas/tempos; preservar seed e declarar variante de demanda,sim: explícita,alta para distribuição da demanda,,required=false; separator=,https://sumo.dlr.de/docs/Tools/Trip.html; randomTrips.py --save-template,5bbfa618b6c3bf5c7166d5128175e95a69ef0476d1ba3d543138f4e1fe79d886,Eclipse SUMO sumo 1.27.1,,Default nativo não é default do projeto. Opções duarouter podem ser encaminhadas com prefixo duarouter.; marouter não usado.,operacional
randomTrips:seed,randomTrips,processing,random seed,int,42,"sorteio inteiro inclusivo [0, 2147483647] por episódio","sorteio inteiro inclusivo [0, 2147483647] por episódio",override generator,SistemaDeSemaforos/demand/random_demand_generator.py,condicional,pode alterar população/rotas/tempos; preservar seed e declarar variante de demanda,sim: explícita,alta para distribuição da demanda,,required=false; separator=,https://sumo.dlr.de/docs/Tools/Trip.html; randomTrips.py --save-template,5bbfa618b6c3bf5c7166d5128175e95a69ef0476d1ba3d543138f4e1fe79d886,Eclipse SUMO sumo 1.27.1,,Default nativo não é default do projeto. Opções duarouter podem ser encaminhadas com prefixo duarouter.; marouter não usado.,experimental
randomTrips:validate,randomTrips,processing,Whether to produce trip output that is already checked for connectivity,bool,True,true,true,override generator,SistemaDeSemaforos/demand/random_demand_generator.py,condicional,pode alterar população/rotas/tempos; preservar seed e declarar variante de demanda,sim: explícita,alta para distribuição da demanda,,required=false; separator=,https://sumo.dlr.de/docs/Tools/Trip.html; randomTrips.py --save-template,5bbfa618b6c3bf5c7166d5128175e95a69ef0476d1ba3d543138f4e1fe79d886,Eclipse SUMO sumo 1.27.1,,Default nativo não é default do projeto. Opções duarouter podem ser encaminhadas com prefixo duarouter.; marouter não usado.,experimental
randomTrips:vehicle-class,randomTrips,processing,The vehicle class assigned to the generated trips (adds a standard vType definition to the output file).,string,None,passenger,passenger,override generator,SistemaDeSemaforos/demand/random_demand_generator.py,condicional,pode alterar população/rotas/tempos; preservar seed e declarar variante de demanda,sim: explícita,alta para distribuição da demanda,,required=false; separator=,https://sumo.dlr.de/docs/Tools/Trip.html; randomTrips.py --save-template,5bbfa618b6c3bf5c7166d5128175e95a69ef0476d1ba3d543138f4e1fe79d886,Eclipse SUMO sumo 1.27.1,,Default nativo não é default do projeto. Opções duarouter podem ser encaminhadas com prefixo duarouter.; marouter não usado.,experimental
scenario:network.controlled_links,summary,network,Associação estrutural TLS → linkIndex → conexão; indispensável para mapear movimentos SETTRAN.,resumo estrutural,,TLS=36; conexões controladas=316,TLS=36; conexões controladas=316,contagem do XML; não é parâmetro ajustável,SistemaDeSemaforos/network/uberlandia.vehicular.families.16_2_4.net.xml,não no cenário atual,Preservar a associação; nomes/proximidade não comprovam correspondência SETTRAN.,sim,alta: identidade do cenário,,,docs/catalogos/configuration_reference.csv; SistemaDeSemaforos/network/uberlandia.vehicular.families.16_2_4.net.xml,f30b0807fa46e3d4fb65c573be68f6544d75a64e44a2c32fee71389fd4106d56,Eclipse SUMO sumo 1.27.1,,Atributos por classe estão na referência completa; valores por instância permanecem no XML original.,estrutural
scenario:network.structure,summary,network,"Rede Rondon Norte: geometrias, permissões e conectividade permanecem no XML de origem.",resumo estrutural,,edge=8081; lane=8950; junction=2082; connection=11654,edge=8081; lane=8950; junction=2082; connection=11654,contagem do XML; não é parâmetro ajustável,SistemaDeSemaforos/network/uberlandia.vehicular.families.16_2_4.net.xml,não no cenário atual,"Trocar geometria, permissões ou conexões define outro cenário experimental.",sim,alta: identidade do cenário,,,docs/catalogos/configuration_reference.csv; SistemaDeSemaforos/network/uberlandia.vehicular.families.16_2_4.net.xml,f30b0807fa46e3d4fb65c573be68f6544d75a64e44a2c32fee71389fd4106d56,Eclipse SUMO sumo 1.27.1,,Atributos por classe estão na referência completa; valores por instância permanecem no XML original.,estrutural
sumo:additional-files,sumo,input,Load further descriptions from FILE(s),FILE,,<episode>/inputs/observations.add.xml,<episode>/inputs/observations.add.xml,override pipeline,SistemaDeSemaforos/simulation/episode_runner.py; SistemaDeSemaforos/metrics/sumo_output_configuration.py,condicional,pode mudar resultados; declarar variante e validar antes de alterar baseline,sim: override do pipeline,alta se recurso ativo,a additional,,sumo --save-template -; https://sumo.dlr.de/docs/sumo.html,bfcdde0f3c7c998b055049c53ee56bcc010a47ce1765273f2d13fb341a56baee,Eclipse SUMO sumo 1.27.1,,Descrição e default literais do template instalado; vazio significa valor não definido. Mesma opção disponível em sumo e sumo-gui.,operacional
sumo:aggregate-warnings,sumo,report,Aggregate warnings of the same type whenever more than INT occur,INT,-1,5,5,override pipeline,SistemaDeSemaforos/simulation/episode_runner.py; SistemaDeSemaforos/metrics/sumo_output_configuration.py,sim,diagnóstico/armazenamento/interface; comparar custo e dados preservados,sim: override do pipeline,operacional,,,sumo --save-template -; https://sumo.dlr.de/docs/sumo.html,bfcdde0f3c7c998b055049c53ee56bcc010a47ce1765273f2d13fb341a56baee,Eclipse SUMO sumo 1.27.1,,Descrição e default literais do template instalado; vazio significa valor não definido. Mesma opção disponível em sumo e sumo-gui.,operacional
sumo:begin,sumo,time,Defines the begin time in seconds; The simulation starts at this time,TIME,0,0,0,override pipeline,SistemaDeSemaforos/simulation/episode_runner.py; SistemaDeSemaforos/metrics/sumo_output_configuration.py,condicional,pode mudar resultados; declarar variante e validar antes de alterar baseline,sim: override do pipeline,alta se recurso ativo,b,,sumo --save-template -; https://sumo.dlr.de/docs/sumo.html,bfcdde0f3c7c998b055049c53ee56bcc010a47ce1765273f2d13fb341a56baee,Eclipse SUMO sumo 1.27.1,,Descrição e default literais do template instalado; vazio significa valor não definido. Mesma opção disponível em sumo e sumo-gui.,experimental
sumo:collision-output,sumo,output,Write collision information into FILE,FILE,,<episode>/raw/collisions.xml.gz,<episode>/raw/collisions.xml.gz,override pipeline,SistemaDeSemaforos/simulation/episode_runner.py; SistemaDeSemaforos/metrics/sumo_output_configuration.py,sim,diagnóstico/armazenamento/interface; comparar custo e dados preservados,sim: override do pipeline,operacional,,,sumo --save-template -; https://sumo.dlr.de/docs/sumo.html,bfcdde0f3c7c998b055049c53ee56bcc010a47ce1765273f2d13fb341a56baee,Eclipse SUMO sumo 1.27.1,,Descrição e default literais do template instalado; vazio significa valor não definido. Mesma opção disponível em sumo e sumo-gui.,operacional
sumo:collision.action,sumo,processing,"How to deal with collisions: [none,warn,teleport,remove]",STR,teleport,teleport,teleport,default do binário instalado,SistemaDeSemaforos/simulation/episode_runner.py; SistemaDeSemaforos/metrics/sumo_output_configuration.py,condicional,pode mudar resultados; declarar variante e validar antes de alterar baseline,padrão carregado; efeito condicionado à descrição da opção,alta se recurso ativo,,,sumo --save-template -; https://sumo.dlr.de/docs/sumo.html,bfcdde0f3c7c998b055049c53ee56bcc010a47ce1765273f2d13fb341a56baee,Eclipse SUMO sumo 1.27.1,,Descrição e default literais do template instalado; vazio significa valor não definido. Mesma opção disponível em sumo e sumo-gui.,experimental
sumo:device.emissions.probability,sumo,emissions,The probability for a vehicle to have a 'emissions' device,FLOAT,-1,1,1,override pipeline,SistemaDeSemaforos/simulation/episode_runner.py; SistemaDeSemaforos/metrics/sumo_output_configuration.py,condicional,pode mudar resultados; declarar variante e validar antes de alterar baseline,sim: override do pipeline,alta se recurso ativo,,,sumo --save-template -; https://sumo.dlr.de/docs/sumo.html,bfcdde0f3c7c998b055049c53ee56bcc010a47ce1765273f2d13fb341a56baee,Eclipse SUMO sumo 1.27.1,,Descrição e default literais do template instalado; vazio significa valor não definido. Mesma opção disponível em sumo e sumo-gui.,operacional
sumo:emission-output,sumo,output,Save the emission values of each vehicle,FILE,,,<episode>/raw/emissions.xml.gz,override pipeline,SistemaDeSemaforos/simulation/episode_runner.py; SistemaDeSemaforos/metrics/sumo_output_configuration.py,sim,diagnóstico/armazenamento/interface; comparar custo e dados preservados,sim: override do pipeline,operacional,,,sumo --save-template -; https://sumo.dlr.de/docs/sumo.html,bfcdde0f3c7c998b055049c53ee56bcc010a47ce1765273f2d13fb341a56baee,Eclipse SUMO sumo 1.27.1,,Descrição e default literais do template instalado; vazio significa valor não definido. Mesma opção disponível em sumo e sumo-gui.,operacional
sumo:emission-output.precision,sumo,output,Write emission values with the given precision (default 2),INT,2,2,8,override pipeline,SistemaDeSemaforos/simulation/episode_runner.py; SistemaDeSemaforos/metrics/sumo_output_configuration.py,sim,diagnóstico/armazenamento/interface; comparar custo e dados preservados,sim: override do pipeline,operacional,,,sumo --save-template -; https://sumo.dlr.de/docs/sumo.html,bfcdde0f3c7c998b055049c53ee56bcc010a47ce1765273f2d13fb341a56baee,Eclipse SUMO sumo 1.27.1,,Descrição e default literais do template instalado; vazio significa valor não definido. Mesma opção disponível em sumo e sumo-gui.,operacional
sumo:end,sumo,time,Defines the end time in seconds; The simulation ends at this time,TIME,-1,-1,-1,default do binário instalado,SistemaDeSemaforos/simulation/episode_runner.py; SistemaDeSemaforos/metrics/sumo_output_configuration.py,condicional,pode mudar resultados; declarar variante e validar antes de alterar baseline,padrão carregado; efeito condicionado à descrição da opção,alta se recurso ativo,e,,sumo --save-template -; https://sumo.dlr.de/docs/sumo.html,bfcdde0f3c7c998b055049c53ee56bcc010a47ce1765273f2d13fb341a56baee,Eclipse SUMO sumo 1.27.1,,"Descrição e default literais do template instalado; vazio significa valor não definido. Mesma opção disponível em sumo e sumo-gui. Runner aceita --end; sem override, termina após esvaziar a simulação.",experimental
sumo:fcd-output,sumo,output,Save the Floating Car Data,FILE,,,<episode>/raw/fcd.xml.gz,override pipeline,SistemaDeSemaforos/simulation/episode_runner.py; SistemaDeSemaforos/metrics/sumo_output_configuration.py,sim,diagnóstico/armazenamento/interface; comparar custo e dados preservados,sim: override do pipeline,operacional,,,sumo --save-template -; https://sumo.dlr.de/docs/sumo.html,bfcdde0f3c7c998b055049c53ee56bcc010a47ce1765273f2d13fb341a56baee,Eclipse SUMO sumo 1.27.1,,Descrição e default literais do template instalado; vazio significa valor não definido. Mesma opção disponível em sumo e sumo-gui.,operacional
sumo:fcd-output.acceleration,sumo,output,Add acceleration to the FCD output,BOOL,false,false,true,override pipeline,SistemaDeSemaforos/simulation/episode_runner.py; SistemaDeSemaforos/metrics/sumo_output_configuration.py,sim,diagnóstico/armazenamento/interface; comparar custo e dados preservados,sim: override do pipeline,operacional,,,sumo --save-template -; https://sumo.dlr.de/docs/sumo.html,bfcdde0f3c7c998b055049c53ee56bcc010a47ce1765273f2d13fb341a56baee,Eclipse SUMO sumo 1.27.1,,Descrição e default literais do template instalado; vazio significa valor não definido. Mesma opção disponível em sumo e sumo-gui.,operacional
sumo:fcd-output.distance,sumo,output,Add kilometrage to the FCD output (linear referencing),BOOL,false,false,true,override pipeline,SistemaDeSemaforos/simulation/episode_runner.py; SistemaDeSemaforos/metrics/sumo_output_configuration.py,sim,diagnóstico/armazenamento/interface; comparar custo e dados preservados,sim: override do pipeline,operacional,,,sumo --save-template -; https://sumo.dlr.de/docs/sumo.html,bfcdde0f3c7c998b055049c53ee56bcc010a47ce1765273f2d13fb341a56baee,Eclipse SUMO sumo 1.27.1,,Descrição e default literais do template instalado; vazio significa valor não definido. Mesma opção disponível em sumo e sumo-gui.,operacional
sumo:fcd-output.signals,sumo,output,Add the vehicle signal state to the FCD output (brake lights etc.),BOOL,false,false,true,override pipeline,SistemaDeSemaforos/simulation/episode_runner.py; SistemaDeSemaforos/metrics/sumo_output_configuration.py,sim,diagnóstico/armazenamento/interface; comparar custo e dados preservados,sim: override do pipeline,operacional,,,sumo --save-template -; https://sumo.dlr.de/docs/sumo.html,bfcdde0f3c7c998b055049c53ee56bcc010a47ce1765273f2d13fb341a56baee,Eclipse SUMO sumo 1.27.1,,Descrição e default literais do template instalado; vazio significa valor não definido. Mesma opção disponível em sumo e sumo-gui.,operacional
sumo:fcd-output.speed-relative,sumo,output,Add relative speed (vehicle speed / edge speed limit) to the FCD output,BOOL,false,false,true,override pipeline,SistemaDeSemaforos/simulation/episode_runner.py; SistemaDeSemaforos/metrics/sumo_output_configuration.py,sim,diagnóstico/armazenamento/interface; comparar custo e dados preservados,sim: override do pipeline,operacional,,,sumo --save-template -; https://sumo.dlr.de/docs/sumo.html,bfcdde0f3c7c998b055049c53ee56bcc010a47ce1765273f2d13fb341a56baee,Eclipse SUMO sumo 1.27.1,,Descrição e default literais do template instalado; vazio significa valor não definido. Mesma opção disponível em sumo e sumo-gui.,operacional
sumo:ignore-route-errors,sumo,processing,Do not check whether routes are connected,BOOL,false,false,false,default do binário instalado,SistemaDeSemaforos/simulation/episode_runner.py; SistemaDeSemaforos/metrics/sumo_output_configuration.py,condicional,pode mudar resultados; declarar variante e validar antes de alterar baseline,não habilitada; valor padrão preservado,alta se recurso ativo,,,sumo --save-template -; https://sumo.dlr.de/docs/sumo.html,bfcdde0f3c7c998b055049c53ee56bcc010a47ce1765273f2d13fb341a56baee,Eclipse SUMO sumo 1.27.1,,Descrição e default literais do template instalado; vazio significa valor não definido. Mesma opção disponível em sumo e sumo-gui.,experimental
sumo:lanechange-output,sumo,output,Record lane changes and their motivations for all vehicles into FILE,FILE,,<episode>/raw/lanechanges.xml.gz,<episode>/raw/lanechanges.xml.gz,override pipeline,SistemaDeSemaforos/simulation/episode_runner.py; SistemaDeSemaforos/metrics/sumo_output_configuration.py,sim,diagnóstico/armazenamento/interface; comparar custo e dados preservados,sim: override do pipeline,operacional,,,sumo --save-template -; https://sumo.dlr.de/docs/sumo.html,bfcdde0f3c7c998b055049c53ee56bcc010a47ce1765273f2d13fb341a56baee,Eclipse SUMO sumo 1.27.1,,Descrição e default literais do template instalado; vazio significa valor não definido. Mesma opção disponível em sumo e sumo-gui.,operacional
sumo:lateral-resolution,sumo,processing,Defines the resolution in m when handling lateral positioning within a lane (with -1 all vehicles drive at the center of their lane,FLOAT,-1,-1,-1,default do binário instalado,SistemaDeSemaforos/simulation/episode_runner.py; SistemaDeSemaforos/metrics/sumo_output_configuration.py,condicional,pode mudar resultados; declarar variante e validar antes de alterar baseline,padrão carregado; efeito condicionado à descrição da opção,alta se recurso ativo,,,sumo --save-template -; https://sumo.dlr.de/docs/sumo.html,bfcdde0f3c7c998b055049c53ee56bcc010a47ce1765273f2d13fb341a56baee,Eclipse SUMO sumo 1.27.1,,Descrição e default literais do template instalado; vazio significa valor não definido. Mesma opção disponível em sumo e sumo-gui.,experimental
sumo:max-depart-delay,sumo,processing,"How long vehicles wait for departure before being skipped, defaults to -1 which means vehicles are never skipped",TIME,-1,-1,-1,default do binário instalado,SistemaDeSemaforos/simulation/episode_runner.py; SistemaDeSemaforos/metrics/sumo_output_configuration.py,condicional,pode mudar resultados; declarar variante e validar antes de alterar baseline,padrão carregado; efeito condicionado à descrição da opção,alta se recurso ativo,,,sumo --save-template -; https://sumo.dlr.de/docs/sumo.html,bfcdde0f3c7c998b055049c53ee56bcc010a47ce1765273f2d13fb341a56baee,Eclipse SUMO sumo 1.27.1,,Descrição e default literais do template instalado; vazio significa valor não definido. Mesma opção disponível em sumo e sumo-gui.,experimental
sumo:net-file,sumo,input,Load road network description from FILE,FILE,,<baseline>/network.net.xml,<baseline>/network.net.xml,override pipeline,SistemaDeSemaforos/simulation/episode_runner.py; SistemaDeSemaforos/metrics/sumo_output_configuration.py,condicional,pode mudar resultados; declarar variante e validar antes de alterar baseline,sim: override do pipeline,alta se recurso ativo,n net,,sumo --save-template -; https://sumo.dlr.de/docs/sumo.html,bfcdde0f3c7c998b055049c53ee56bcc010a47ce1765273f2d13fb341a56baee,Eclipse SUMO sumo 1.27.1,,Descrição e default literais do template instalado; vazio significa valor não definido. Mesma opção disponível em sumo e sumo-gui.,estrutural
sumo:no-step-log,sumo,report,Disable console output of current simulation step,BOOL,false,true,true,override pipeline,SistemaDeSemaforos/simulation/episode_runner.py; SistemaDeSemaforos/metrics/sumo_output_configuration.py,sim,diagnóstico/armazenamento/interface; comparar custo e dados preservados,sim: override do pipeline,operacional,,,sumo --save-template -; https://sumo.dlr.de/docs/sumo.html,bfcdde0f3c7c998b055049c53ee56bcc010a47ce1765273f2d13fb341a56baee,Eclipse SUMO sumo 1.27.1,,Descrição e default literais do template instalado; vazio significa valor não definido. Mesma opção disponível em sumo e sumo-gui.,operacional
sumo:precision,sumo,output,Defines the number of digits after the comma for floating point output,INT,2,8,8,override pipeline,SistemaDeSemaforos/simulation/episode_runner.py; SistemaDeSemaforos/metrics/sumo_output_configuration.py,sim,diagnóstico/armazenamento/interface; comparar custo e dados preservados,sim: override do pipeline,operacional,,,sumo --save-template -; https://sumo.dlr.de/docs/sumo.html,bfcdde0f3c7c998b055049c53ee56bcc010a47ce1765273f2d13fb341a56baee,Eclipse SUMO sumo 1.27.1,,Descrição e default literais do template instalado; vazio significa valor não definido. Mesma opção disponível em sumo e sumo-gui.,operacional
sumo:queue-output,sumo,output,Save the vehicle queues at the junctions (experimental),FILE,,<episode>/raw/queues.xml.gz,<episode>/raw/queues.xml.gz,override pipeline,SistemaDeSemaforos/simulation/episode_runner.py; SistemaDeSemaforos/metrics/sumo_output_configuration.py,sim,diagnóstico/armazenamento/interface; comparar custo e dados preservados,sim: override do pipeline,operacional,,,sumo --save-template -; https://sumo.dlr.de/docs/sumo.html,bfcdde0f3c7c998b055049c53ee56bcc010a47ce1765273f2d13fb341a56baee,Eclipse SUMO sumo 1.27.1,,Descrição e default literais do template instalado; vazio significa valor não definido. Mesma opção disponível em sumo e sumo-gui.,operacional
sumo:random,sumo,random_number,Initialises the random number generator with the current system time,BOOL,false,false,false,default do binário instalado,SistemaDeSemaforos/simulation/episode_runner.py; SistemaDeSemaforos/metrics/sumo_output_configuration.py,condicional,pode mudar resultados; declarar variante e validar antes de alterar baseline,não habilitada; valor padrão preservado,alta se recurso ativo,abs-rand,abs-rand,sumo --save-template -; https://sumo.dlr.de/docs/sumo.html,bfcdde0f3c7c998b055049c53ee56bcc010a47ce1765273f2d13fb341a56baee,Eclipse SUMO sumo 1.27.1,,Descrição e default literais do template instalado; vazio significa valor não definido. Mesma opção disponível em sumo e sumo-gui.,experimental
sumo:route-files,sumo,input,Load routes descriptions from FILE(s),FILE,,<episode>/inputs/random.rou.xml,<episode>/inputs/random.rou.xml,override pipeline,SistemaDeSemaforos/simulation/episode_runner.py; SistemaDeSemaforos/metrics/sumo_output_configuration.py,condicional,pode mudar resultados; declarar variante e validar antes de alterar baseline,sim: override do pipeline,alta se recurso ativo,r routes,,sumo --save-template -; https://sumo.dlr.de/docs/sumo.html,bfcdde0f3c7c998b055049c53ee56bcc010a47ce1765273f2d13fb341a56baee,Eclipse SUMO sumo 1.27.1,,Descrição e default literais do template instalado; vazio significa valor não definido. Mesma opção disponível em sumo e sumo-gui.,experimental
sumo:seed,sumo,random_number,Initialises the random number generator with the given value,INT,23423,23423,23423,default do binário instalado,SistemaDeSemaforos/simulation/episode_runner.py; SistemaDeSemaforos/metrics/sumo_output_configuration.py,condicional,pode mudar resultados; declarar variante e validar antes de alterar baseline,padrão carregado; efeito condicionado à descrição da opção,alta se recurso ativo,srand,srand,sumo --save-template -; https://sumo.dlr.de/docs/sumo.html,bfcdde0f3c7c998b055049c53ee56bcc010a47ce1765273f2d13fb341a56baee,Eclipse SUMO sumo 1.27.1,,Descrição e default literais do template instalado; vazio significa valor não definido. Mesma opção disponível em sumo e sumo-gui.,experimental
sumo:statistic-output,sumo,output,Write overall statistics into FILE,FILE,,<episode>/raw/statistics.xml,<episode>/raw/statistics.xml,override pipeline,SistemaDeSemaforos/simulation/episode_runner.py; SistemaDeSemaforos/metrics/sumo_output_configuration.py,sim,diagnóstico/armazenamento/interface; comparar custo e dados preservados,sim: override do pipeline,operacional,statistics-output,,sumo --save-template -; https://sumo.dlr.de/docs/sumo.html,bfcdde0f3c7c998b055049c53ee56bcc010a47ce1765273f2d13fb341a56baee,Eclipse SUMO sumo 1.27.1,,Descrição e default literais do template instalado; vazio significa valor não definido. Mesma opção disponível em sumo e sumo-gui.,operacional
sumo:step-length,sumo,time,Defines the step duration in seconds,TIME,1,1,1,default do binário instalado,SistemaDeSemaforos/simulation/episode_runner.py; SistemaDeSemaforos/metrics/sumo_output_configuration.py,condicional,pode mudar resultados; declarar variante e validar antes de alterar baseline,padrão carregado; efeito condicionado à descrição da opção,alta se recurso ativo,,,sumo --save-template -; https://sumo.dlr.de/docs/sumo.html,bfcdde0f3c7c998b055049c53ee56bcc010a47ce1765273f2d13fb341a56baee,Eclipse SUMO sumo 1.27.1,,Descrição e default literais do template instalado; vazio significa valor não definido. Mesma opção disponível em sumo e sumo-gui.,experimental
sumo:step-method.ballistic,sumo,processing,Whether to use ballistic method for the positional update of vehicles (default is a semi-implicit Euler method).,BOOL,false,false,false,default do binário instalado,SistemaDeSemaforos/simulation/episode_runner.py; SistemaDeSemaforos/metrics/sumo_output_configuration.py,condicional,pode mudar resultados; declarar variante e validar antes de alterar baseline,não habilitada; valor padrão preservado,alta se recurso ativo,,,sumo --save-template -; https://sumo.dlr.de/docs/sumo.html,bfcdde0f3c7c998b055049c53ee56bcc010a47ce1765273f2d13fb341a56baee,Eclipse SUMO sumo 1.27.1,,Descrição e default literais do template instalado; vazio significa valor não definido. Mesma opção disponível em sumo e sumo-gui.,experimental
sumo:summary-output,sumo,output,Save aggregated vehicle departure info into FILE,FILE,,<episode>/raw/summary.xml.gz,<episode>/raw/summary.xml.gz,override pipeline,SistemaDeSemaforos/simulation/episode_runner.py; SistemaDeSemaforos/metrics/sumo_output_configuration.py,sim,diagnóstico/armazenamento/interface; comparar custo e dados preservados,sim: override do pipeline,operacional,summary,,sumo --save-template -; https://sumo.dlr.de/docs/sumo.html,bfcdde0f3c7c998b055049c53ee56bcc010a47ce1765273f2d13fb341a56baee,Eclipse SUMO sumo 1.27.1,,Descrição e default literais do template instalado; vazio significa valor não definido. Mesma opção disponível em sumo e sumo-gui.,operacional
sumo:time-to-teleport,sumo,processing,"Specify how long a vehicle may wait until being teleported, defaults to 300, non-positive values disable teleporting",TIME,300,300,300,default do binário instalado,SistemaDeSemaforos/simulation/episode_runner.py; SistemaDeSemaforos/metrics/sumo_output_configuration.py,condicional,pode mudar resultados; declarar variante e validar antes de alterar baseline,padrão carregado; efeito condicionado à descrição da opção,alta se recurso ativo,,,sumo --save-template -; https://sumo.dlr.de/docs/sumo.html,bfcdde0f3c7c998b055049c53ee56bcc010a47ce1765273f2d13fb341a56baee,Eclipse SUMO sumo 1.27.1,,Descrição e default literais do template instalado; vazio significa valor não definido. Mesma opção disponível em sumo e sumo-gui.,experimental
sumo:tripinfo-output,sumo,output,Save single vehicle trip info into FILE,FILE,,<episode>/raw/trips.xml.gz,<episode>/raw/trips.xml.gz,override pipeline,SistemaDeSemaforos/simulation/episode_runner.py; SistemaDeSemaforos/metrics/sumo_output_configuration.py,sim,diagnóstico/armazenamento/interface; comparar custo e dados preservados,sim: override do pipeline,operacional,tripinfo,,sumo --save-template -; https://sumo.dlr.de/docs/sumo.html,bfcdde0f3c7c998b055049c53ee56bcc010a47ce1765273f2d13fb341a56baee,Eclipse SUMO sumo 1.27.1,,Descrição e default literais do template instalado; vazio significa valor não definido. Mesma opção disponível em sumo e sumo-gui.,operacional
sumo:tripinfo-output.write-undeparted,sumo,output,Write tripinfo output for vehicles which have not departed at simulation end because of depart delay,BOOL,false,true,true,override pipeline,SistemaDeSemaforos/simulation/episode_runner.py; SistemaDeSemaforos/metrics/sumo_output_configuration.py,sim,diagnóstico/armazenamento/interface; comparar custo e dados preservados,sim: override do pipeline,operacional,,,sumo --save-template -; https://sumo.dlr.de/docs/sumo.html,bfcdde0f3c7c998b055049c53ee56bcc010a47ce1765273f2d13fb341a56baee,Eclipse SUMO sumo 1.27.1,,Descrição e default literais do template instalado; vazio significa valor não definido. Mesma opção disponível em sumo e sumo-gui.,operacional
sumo:tripinfo-output.write-unfinished,sumo,output,Write tripinfo output for vehicles which have not arrived at simulation end,BOOL,false,true,true,override pipeline,SistemaDeSemaforos/simulation/episode_runner.py; SistemaDeSemaforos/metrics/sumo_output_configuration.py,sim,diagnóstico/armazenamento/interface; comparar custo e dados preservados,sim: override do pipeline,operacional,,,sumo --save-template -; https://sumo.dlr.de/docs/sumo.html,bfcdde0f3c7c998b055049c53ee56bcc010a47ce1765273f2d13fb341a56baee,Eclipse SUMO sumo 1.27.1,,Descrição e default literais do template instalado; vazio significa valor não definido. Mesma opção disponível em sumo e sumo-gui.,operacional
sumo:vehroute-output,sumo,output,Save single vehicle route info into FILE,FILE,,<episode>/raw/vehicle_routes.xml.gz,<episode>/raw/vehicle_routes.xml.gz,override pipeline,SistemaDeSemaforos/simulation/episode_runner.py; SistemaDeSemaforos/metrics/sumo_output_configuration.py,sim,diagnóstico/armazenamento/interface; comparar custo e dados preservados,sim: override do pipeline,operacional,vehroutes,,sumo --save-template -; https://sumo.dlr.de/docs/sumo.html,bfcdde0f3c7c998b055049c53ee56bcc010a47ce1765273f2d13fb341a56baee,Eclipse SUMO sumo 1.27.1,,Descrição e default literais do template instalado; vazio significa valor não definido. Mesma opção disponível em sumo e sumo-gui.,operacional
sumo:vehroute-output.exit-times,sumo,output,Write the exit times for all edges,BOOL,false,true,true,override pipeline,SistemaDeSemaforos/simulation/episode_runner.py; SistemaDeSemaforos/metrics/sumo_output_configuration.py,sim,diagnóstico/armazenamento/interface; comparar custo e dados preservados,sim: override do pipeline,operacional,vehroutes.exit-times,,sumo --save-template -; https://sumo.dlr.de/docs/sumo.html,bfcdde0f3c7c998b055049c53ee56bcc010a47ce1765273f2d13fb341a56baee,Eclipse SUMO sumo 1.27.1,,Descrição e default literais do template instalado; vazio significa valor não definido. Mesma opção disponível em sumo e sumo-gui.,operacional
sumo:vehroute-output.route-length,sumo,output,Include total route length in the output,BOOL,false,true,true,override pipeline,SistemaDeSemaforos/simulation/episode_runner.py; SistemaDeSemaforos/metrics/sumo_output_configuration.py,sim,diagnóstico/armazenamento/interface; comparar custo e dados preservados,sim: override do pipeline,operacional,vehroutes.route-length,,sumo --save-template -; https://sumo.dlr.de/docs/sumo.html,bfcdde0f3c7c998b055049c53ee56bcc010a47ce1765273f2d13fb341a56baee,Eclipse SUMO sumo 1.27.1,,Descrição e default literais do template instalado; vazio significa valor não definido. Mesma opção disponível em sumo e sumo-gui.,operacional
sumo:vehroute-output.write-unfinished,sumo,output,Write vehroute output for vehicles which have not arrived at simulation end,BOOL,false,true,true,override pipeline,SistemaDeSemaforos/simulation/episode_runner.py; SistemaDeSemaforos/metrics/sumo_output_configuration.py,sim,diagnóstico/armazenamento/interface; comparar custo e dados preservados,sim: override do pipeline,operacional,,,sumo --save-template -; https://sumo.dlr.de/docs/sumo.html,bfcdde0f3c7c998b055049c53ee56bcc010a47ce1765273f2d13fb341a56baee,Eclipse SUMO sumo 1.27.1,,Descrição e default literais do template instalado; vazio significa valor não definido. Mesma opção disponível em sumo e sumo-gui.,operacional
xml:additional_file.xsd:meandataType.excludeEmpty,xml,additional_or_gui,"If set to true, edges/lanes which were not used by a vehicle during this period will not be written; default: false. If set to ""defaults"" default values for travel time and speed depending on edge length and maximum speed get printed, ""modified"" will print values only for empty edges which have a dynamically adapted maximum speed.",simpleType inline; ver constraints/schema,não declarado no XSD,não explícito,true,XML de instrumentação,<episode>/inputs/observations.add.xml ou random.rou.xml; ausência não equivale a zero,condicional,validar aplicação; sinal/demanda pode mudar dinâmica; instrumentação muda observabilidade,apenas full,condicional ao elemento/modelo,edgeData | laneData,use=optional; enumeration=defaults; enumeration=modified,https://sumo.dlr.de/xsd/additional_file.xsd,264eaddfe4153aaa4b822d94b724f07d42b3e0b455490f35872b5802540e9ec0,Eclipse SUMO sumo 1.27.1,https://raw.githubusercontent.com/eclipse-sumo/sumo/v1_27_1/docs/web/docs/Simulation/Output/Lane-_or_Edge-based_Traffic_Measures.md#L53,Descrição revisada contra tabela oficial versionada. Defaults documentais podem depender de classe/modelo; defaults medidos de passenger estão em builtin:DEFAULT_VEHTYPE. Herança extension aplica atributos da classe base; ausência XML não equivale a zero.,operacional
xml:additional_file.xsd:meandataType.file,xml,additional_or_gui,The path to the output file. The path may be relative.,xsd:string,não declarado no XSD,não explícito,<episode>/raw/edges.xml.gz | <episode>/raw/lanes.xml.gz,XML de instrumentação,<episode>/inputs/observations.add.xml ou random.rou.xml; ausência não equivale a zero,condicional,validar aplicação; sinal/demanda pode mudar dinâmica; instrumentação muda observabilidade,apenas full,condicional ao elemento/modelo,edgeData | laneData,use=required,https://sumo.dlr.de/xsd/additional_file.xsd,264eaddfe4153aaa4b822d94b724f07d42b3e0b455490f35872b5802540e9ec0,Eclipse SUMO sumo 1.27.1,https://raw.githubusercontent.com/eclipse-sumo/sumo/v1_27_1/docs/web/docs/Simulation/Output/Lane-_or_Edge-based_Traffic_Measures.md#L49,Descrição revisada contra tabela oficial versionada. Defaults documentais podem depender de classe/modelo; defaults medidos de passenger estão em builtin:DEFAULT_VEHTYPE. Herança extension aplica atributos da classe base; ausência XML não equivale a zero.,operacional
xml:additional_file.xsd:meandataType.period,xml,additional_or_gui,The aggregation period the values the detector collects shall be summed up. If not given the whole time interval from begin to end (see below) is aggregated.,positiveFloatType,não declarado no XSD,não explícito,1,XML de instrumentação,<episode>/inputs/observations.add.xml ou random.rou.xml; ausência não equivale a zero,condicional,validar aplicação; sinal/demanda pode mudar dinâmica; instrumentação muda observabilidade,apenas full,condicional ao elemento/modelo,edgeData | laneData,use=optional,https://sumo.dlr.de/xsd/additional_file.xsd,264eaddfe4153aaa4b822d94b724f07d42b3e0b455490f35872b5802540e9ec0,Eclipse SUMO sumo 1.27.1,https://raw.githubusercontent.com/eclipse-sumo/sumo/v1_27_1/docs/web/docs/Simulation/Output/Lane-_or_Edge-based_Traffic_Measures.md#L50,Descrição revisada contra tabela oficial versionada. Defaults documentais podem depender de classe/modelo; defaults medidos de passenger estão em builtin:DEFAULT_VEHTYPE. Herança extension aplica atributos da classe base; ausência XML não equivale a zero.,operacional
xml:additional_file.xsd:meandataType.withInternal,xml,additional_or_gui,"If set, junction internal edges/lanes will be written as well; default: false.",boolType,não declarado no XSD,não explícito,true,XML de instrumentação,<episode>/inputs/observations.add.xml ou random.rou.xml; ausência não equivale a zero,condicional,validar aplicação; sinal/demanda pode mudar dinâmica; instrumentação muda observabilidade,apenas full,condicional ao elemento/modelo,edgeData | laneData,use=optional,https://sumo.dlr.de/xsd/additional_file.xsd,264eaddfe4153aaa4b822d94b724f07d42b3e0b455490f35872b5802540e9ec0,Eclipse SUMO sumo 1.27.1,https://raw.githubusercontent.com/eclipse-sumo/sumo/v1_27_1/docs/web/docs/Simulation/Output/Lane-_or_Edge-based_Traffic_Measures.md#L54,Descrição revisada contra tabela oficial versionada. Defaults documentais podem depender de classe/modelo; defaults medidos de passenger estão em builtin:DEFAULT_VEHTYPE. Herança extension aplica atributos da classe base; ausência XML não equivale a zero.,operacional
xml:additional_file.xsd:timedEventType.dest,xml,additional_or_gui,"Arquivo de destino do evento/observador; controla persistência, não a política semafórica.",xsd:string,não declarado no XSD,<episode>/raw/tls.xml.gz,<episode>/raw/tls.xml.gz,XML de instrumentação,<episode>/inputs/observations.add.xml ou random.rou.xml; ausência não equivale a zero,condicional,validar aplicação; sinal/demanda pode mudar dinâmica; instrumentação muda observabilidade,sim: explícita,condicional ao elemento/modelo,timedEvent,use=required,https://sumo.dlr.de/xsd/additional_file.xsd,264eaddfe4153aaa4b822d94b724f07d42b3e0b455490f35872b5802540e9ec0,Eclipse SUMO sumo 1.27.1,curadoria contextual; schema e documentação SUMO indicados na linha,Sem default XSD não significa zero. Tipos de veículo/modelos podem definir defaults em runtime. Herança extension aplica os atributos da classe base; IDs/geometrias individuais permanecem no XML.,operacional
xml:additional_file.xsd:timedEventType.type,xml,additional_or_gui,Tipo de observação/evento. SaveTLSStates grava os estados semafóricos a cada passo.,simpleType inline; ver constraints/schema,não declarado no XSD,SaveTLSStates,SaveTLSStates,XML de instrumentação,<episode>/inputs/observations.add.xml ou random.rou.xml; ausência não equivale a zero,condicional,validar aplicação; sinal/demanda pode mudar dinâmica; instrumentação muda observabilidade,sim: explícita,condicional ao elemento/modelo,timedEvent,use=required; enumeration=SaveTLSProgram; enumeration=SaveTLSStates; enumeration=SaveTLSSwitchTimes; enumeration=SaveTLSSwitchStates,https://sumo.dlr.de/xsd/additional_file.xsd,264eaddfe4153aaa4b822d94b724f07d42b3e0b455490f35872b5802540e9ec0,Eclipse SUMO sumo 1.27.1,,Sem default XSD não significa zero. Tipos de veículo/modelos podem definir defaults em runtime. Herança extension aplica os atributos da classe base; IDs/geometrias individuais permanecem no XML.,operacional
xml:base.xsd:phaseType.duration,xml,network,The duration of the phase,nonNegativeFloatType,não declarado no XSD,15 valores distintos; mínimo=1.0; máximo=81.0,15 valores distintos; mínimo=1.0; máximo=81.0,XML estrutural,SistemaDeSemaforos/network/uberlandia.vehicular.families.16_2_4.net.xml,condicional,validar aplicação; sinal/demanda pode mudar dinâmica; instrumentação muda observabilidade,sim: explícita,alta: cenário/controlador,phase,use=required,https://sumo.dlr.de/xsd/types/base.xsd,edb80c5c622338ad17d6d5a602af32d1d3480c1e809a6085d38079d8f59347bc,Eclipse SUMO sumo 1.27.1,https://raw.githubusercontent.com/eclipse-sumo/sumo/v1_27_1/docs/web/docs/Simulation/Traffic_Lights.md#L196,Descrição revisada contra tabela oficial versionada. Defaults documentais podem depender de classe/modelo; defaults medidos de passenger estão em builtin:DEFAULT_VEHTYPE. Herança extension aplica atributos da classe base; ausência XML não equivale a zero.,experimental
xml:base.xsd:phaseType.state,xml,network,"The traffic light states for this phase, see below",simpleType inline; ver constraints/schema,não declarado no XSD,80 valores distintos; definições completas no arquivo de origem,80 valores distintos; definições completas no arquivo de origem,XML estrutural,SistemaDeSemaforos/network/uberlandia.vehicular.families.16_2_4.net.xml,condicional,validar aplicação; sinal/demanda pode mudar dinâmica; instrumentação muda observabilidade,sim: explícita,alta: cenário/controlador,phase,use=required; pattern=[ruyYgGoOs]+,https://sumo.dlr.de/xsd/types/base.xsd,edb80c5c622338ad17d6d5a602af32d1d3480c1e809a6085d38079d8f59347bc,Eclipse SUMO sumo 1.27.1,https://raw.githubusercontent.com/eclipse-sumo/sumo/v1_27_1/docs/web/docs/Simulation/Traffic_Lights.md#L197,Descrição revisada contra tabela oficial versionada. Defaults documentais podem depender de classe/modelo; defaults medidos de passenger estão em builtin:DEFAULT_VEHTYPE. Herança extension aplica atributos da classe base; ausência XML não equivale a zero.,experimental
xml:base.xsd:tlLogicType.id,xml,network,Identificador único no domínio do elemento; referências entre arquivos dependem dele.,xsd:string,não declarado no XSD,36 valores distintos; definições completas no arquivo de origem,36 valores distintos; definições completas no arquivo de origem,XML estrutural,SistemaDeSemaforos/network/uberlandia.vehicular.families.16_2_4.net.xml,condicional,validar aplicação; sinal/demanda pode mudar dinâmica; instrumentação muda observabilidade,sim: explícita,alta: cenário/controlador,tlLogic,use=required,https://sumo.dlr.de/xsd/types/base.xsd,edb80c5c622338ad17d6d5a602af32d1d3480c1e809a6085d38079d8f59347bc,Eclipse SUMO sumo 1.27.1,curadoria contextual; schema e documentação SUMO indicados na linha,Sem default XSD não significa zero. Tipos de veículo/modelos podem definir defaults em runtime. Herança extension aplica os atributos da classe base; IDs/geometrias individuais permanecem no XML.,estrutural
xml:base.xsd:tlLogicType.offset,xml,network,"The initial time offset of the program, If set to ""begin"", the offset will automatically match the simulation begin time so that the traffic light always starts in phase 0",offsetType,não declarado no XSD,0,0,XML estrutural,SistemaDeSemaforos/network/uberlandia.vehicular.families.16_2_4.net.xml,condicional,validar aplicação; sinal/demanda pode mudar dinâmica; instrumentação muda observabilidade,sim: explícita,alta: cenário/controlador,tlLogic,use=optional,https://sumo.dlr.de/xsd/types/base.xsd,edb80c5c622338ad17d6d5a602af32d1d3480c1e809a6085d38079d8f59347bc,Eclipse SUMO sumo 1.27.1,https://raw.githubusercontent.com/eclipse-sumo/sumo/v1_27_1/docs/web/docs/Simulation/Traffic_Lights.md#L188,Descrição revisada contra tabela oficial versionada. Defaults documentais podem depender de classe/modelo; defaults medidos de passenger estão em builtin:DEFAULT_VEHTYPE. Herança extension aplica atributos da classe base; ausência XML não equivale a zero.,experimental
xml:base.xsd:tlLogicType.programID,xml,network,"The id of the traffic light program; This must be a new program name for the traffic light id. Please note that ""off"" is reserved, see below.",xsd:string,não declarado no XSD,0 | 1624 | current,0 | 1624 | current,XML estrutural,SistemaDeSemaforos/network/uberlandia.vehicular.families.16_2_4.net.xml,condicional,validar aplicação; sinal/demanda pode mudar dinâmica; instrumentação muda observabilidade,sim: explícita,alta: cenário/controlador,tlLogic,use=required,https://sumo.dlr.de/xsd/types/base.xsd,edb80c5c622338ad17d6d5a602af32d1d3480c1e809a6085d38079d8f59347bc,Eclipse SUMO sumo 1.27.1,https://raw.githubusercontent.com/eclipse-sumo/sumo/v1_27_1/docs/web/docs/Simulation/Traffic_Lights.md#L187,Descrição revisada contra tabela oficial versionada. Defaults documentais podem depender de classe/modelo; defaults medidos de passenger estão em builtin:DEFAULT_VEHTYPE. Herança extension aplica atributos da classe base; ausência XML não equivale a zero.,experimental
xml:base.xsd:tlLogicType.type,xml,network,"The type of the traffic light (fixed phase durations, phase prolongation based on time gaps between vehicles (actuated), or on accumulated time loss of queued vehicles (delay_based) )",tlTypeType,não declarado no XSD,static,static,XML estrutural,SistemaDeSemaforos/network/uberlandia.vehicular.families.16_2_4.net.xml,condicional,validar aplicação; sinal/demanda pode mudar dinâmica; instrumentação muda observabilidade,sim: explícita,alta: cenário/controlador,tlLogic,use=optional,https://sumo.dlr.de/xsd/types/base.xsd,edb80c5c622338ad17d6d5a602af32d1d3480c1e809a6085d38079d8f59347bc,Eclipse SUMO sumo 1.27.1,https://raw.githubusercontent.com/eclipse-sumo/sumo/v1_27_1/docs/web/docs/Simulation/Traffic_Lights.md#L186,Descrição revisada contra tabela oficial versionada. Defaults documentais podem depender de classe/modelo; defaults medidos de passenger estão em builtin:DEFAULT_VEHTYPE. Herança extension aplica atributos da classe base; ausência XML não equivale a zero.,experimental
xml:route.xsd:vTypeType.vClass,xml,demand,An abstract vehicle class (see below). By default vehicles represent regular passenger cars.,xsd:string,"documentação (Available vType Attributes): ""passenger""; condicionado à classe/modelo",passenger,passenger,XML gerado pela demanda,<episode>/inputs/observations.add.xml ou random.rou.xml; ausência não equivale a zero,condicional,validar aplicação; sinal/demanda pode mudar dinâmica; instrumentação muda observabilidade,sim: explícita,condicional ao elemento/modelo,vType,use=optional,https://sumo.dlr.de/xsd/types/route.xsd,ff5278399fe2260899d419d15b65343eabe8cfb3dcb529080ab11934f97c60b0,Eclipse SUMO sumo 1.27.1,"https://raw.githubusercontent.com/eclipse-sumo/sumo/v1_27_1/docs/web/docs/Definition_of_Vehicles,_Vehicle_Types,_and_Routes.md#L480",Descrição revisada contra tabela oficial versionada. Defaults documentais podem depender de classe/modelo; defaults medidos de passenger estão em builtin:DEFAULT_VEHTYPE. Herança extension aplica atributos da classe base; ausência XML não equivale a zero.,experimental
